country,iso3,year,gdp_per_capita
Angola,AGO,1990,965.866840464665
Argentina,ARG,1990,4315.33403111588
Australia,AUS,1990,18249.3014538169
Austria,AUT,1990,21596.068219998
Belgium,BEL,1990,20600.3752789827
Bulgaria,BGR,1990,2366.52982128614
Bosnia and Herzegovina,BIH,1990,1742.88262171767
Bolivia,BOL,1990,682.67681029538
Brazil,BRA,1990,2581.14187449078
Canada,CAN,1990,21525.8611387148
Switzerland,CHE,1990,39574.5398083788
Chile,CHL,1990,2487.76829657299
China PR,CHN,1990,318.50335359039
Ivory Coast,CIV,1990,885.647842214928
Cameroon,CMR,1990,1086.71700937081
Colombia,COL,1990,1474.8455285342
Costa Rica,CRI,1990,1829.6687089559
Czech Republic,CZE,1990,3969.36733543794
Germany,DEU,1990,22385.6778250275
Denmark,DNK,1990,26885.6994188191
Algeria,DZA,1990,2445.18332740258
Ecuador,ECU,1990,1455.00748510871
Egypt,EGY,1990,735.982935028025
Spain,ESP,1990,13795.0159385128
France,FRA,1990,21586.4674617483
Ghana,GHA,1990,382.54246368354
Greece,GRC,1990,9466.66238502174
Honduras,HND,1990,988.459273781288
Croatia,HRV,1990,5369.10978590681
Republic of Ireland,IRL,1990,14031.3025675469
Iran,IRN,1990,2137.94222739878
Iceland,ISL,1990,25384.9150226302
Italy,ITA,1990,20873.7834092719
Jamaica,JAM,1990,1929.59891905857
Japan,JPN,1990,25801.3950393094
South Korea,KOR,1990,6609.99728316175
Morocco,MAR,1990,1229.07104492188
Mexico,MEX,1990,3154.46920349038
Nigeria,NGA,1990,556.376449130902
Netherlands,NLD,1990,21322.1944802703
Norway,NOR,1990,28242.981402822
New Zealand,NZL,1990,13663.0216184298
Panama,PAN,1990,2620.13827266274
Peru,PER,1990,1199.66666756615
Poland,POL,1990,1731.2095094382
North Korea,PRK,1990,
Portugal,PRT,1990,7884.61798756332
Paraguay,PRY,1990,1440.15829610029
Qatar,QAT,1990,16721.6207714589
Romania,ROU,1990,1648.48522974542
Russia,RUS,1990,3494.06323242188
Saudi Arabia,SAU,1990,11054.7495049666
Senegal,SEN,1990,957.314337438177
Serbia,SRB,1990,2349.40645150289
Slovakia,SVK,1990,2437.17517010845
Slovenia,SVN,1990,9925.14071044684
Sweden,SWE,1990,30549.6692751763
Togo,TGO,1990,575.094511928654
Trinidad and Tobago,TTO,1990,4047.25093594674
Tunisia,TUN,1990,1476.43160477311
Turkey,TUR,1990,2689.52621921233
Ukraine,UKR,1990,1563.63415527344
Uruguay,URY,1990,2995.36105663465
United States,USA,1990,23888.6000088133
South Africa,ZAF,1990,3093.48920352334
Angola,AGO,1991,881.919488130062
Argentina,ARG,1991,5709.24784079504
Australia,AUS,1991,18859.9074576986
Austria,AUT,1991,22323.1312492943
Belgium,BEL,1991,21041.6606519648
Bulgaria,BGR,1991,883.736578319325
Bosnia and Herzegovina,BIH,1991,1373.37104472973
Bolivia,BOL,1991,733.935487602519
Brazil,BRA,1991,2257.6092968885
Canada,CAN,1991,21846.7930471354
Switzerland,CHE,1991,39544.4946826768
Chile,CHL,1991,2798.34262413795
China PR,CHN,1991,334.130288119078
Ivory Coast,CIV,1991,827.241889166985
Cameroon,CMR,1991,1014.82897292999
Colombia,COL,1991,1499.71104164399
Costa Rica,CRI,1991,2253.38191508071
Czech Republic,CZE,1991,2917.08655474323
Germany,DEU,1991,23443.3350818536
Denmark,DNK,1991,27002.8057705804
Algeria,DZA,1991,1759.11201648229
Ecuador,ECU,1991,1587.36049996672
Egypt,EGY,1991,622.829605007867
Spain,ESP,1991,14801.3226152172
France,FRA,1991,21500.7778366233
Ghana,GHA,1991,418.254121349986
Greece,GRC,1991,10046.6663875475
Honduras,HND,1991,907.271114551007
Croatia,HRV,1991,4000.91677428625
Republic of Ireland,IRL,1991,14087.2077980306
Iran,IRN,1991,2194.43906802841
Iceland,ISL,1991,26802.9895156678
Italy,ITA,1991,22007.1350964074
Jamaica,JAM,1991,1710.30058243722
Japan,JPN,1991,29428.4289039469
South Korea,KOR,1991,7636.9480638849
Morocco,MAR,1991,1292.23376464844
Mexico,MEX,1991,3708.8420548157
Nigeria,NGA,1991,596.938795710722
Netherlands,NLD,1991,21764.2144987258
Norway,NOR,1991,28596.9330036444
New Zealand,NZL,1991,12230.0734548834
Panama,PAN,1991,2820.54547665418
Peru,PER,1991,1527.38879472866
Poland,POL,1991,2235.54108862522
North Korea,PRK,1991,
Portugal,PRT,1991,8958.9853330247
Paraguay,PRY,1991,1685.26890082621
Qatar,QAT,1991,15133.4969397069
Romania,ROU,1991,1254.3124421298
Russia,RUS,1991,3490.45239257813
Saudi Arabia,SAU,1991,11847.1699534218
Senegal,SEN,1991,913.399575796737
Serbia,SRB,1991,2349.40645150289
Slovakia,SVK,1991,2726.59305498582
Slovenia,SVN,1991,7229.31149788617
Sweden,SWE,1991,31777.0327994132
Togo,TGO,1991,549.808011573
Trinidad and Tobago,TTO,1991,4205.37778348016
Tunisia,TUN,1991,1537.87916511306
Turkey,TUR,1991,2649.27259974439
Ukraine,UKR,1991,1482.6396484375
Uruguay,URY,1991,3589.01541942634
United States,USA,1991,24342.2589048189
South Africa,ZAF,1991,3243.23616023953
Angola,AGO,1992,668.706017459877
Argentina,ARG,1992,6789.99611136495
Australia,AUS,1992,18624.1877335866
Austria,AUT,1992,24782.7118767063
Belgium,BEL,1992,23372.619171015
Bulgaria,BGR,1992,1007.34454544881
Bosnia and Herzegovina,BIH,1992,1118.17569934079
Bolivia,BOL,1992,759.57113496365
Brazil,BRA,1992,2127.31642731638
Canada,CAN,1992,20950.3305287651
Switzerland,CHE,1992,40713.6881521435
Chile,CHL,1992,3351.84108855522
China PR,CHN,1992,367.822651903542
Ivory Coast,CIV,1992,844.902223806738
Cameroon,CMR,1992,1005.44897647465
Colombia,COL,1992,1729.66397332384
Costa Rica,CRI,1992,2612.38756453737
Czech Republic,CZE,1992,3396.70972430469
Germany,DEU,1992,26559.8543879632
Denmark,DNK,1992,29579.4913648682
Algeria,DZA,1992,1802.69300801289
Ecuador,ECU,1992,1655.44613192632
Egypt,EGY,1992,680.79923864551
Spain,ESP,1992,16100.6799428032
France,FRA,1992,23615.0168565483
Ghana,GHA,1992,396.426407640517
Greece,GRC,1992,11021.012224607
Honduras,HND,1992,937.828918006075
Croatia,HRV,1992,2321.15204123035
Republic of Ireland,IRL,1992,15714.3847487231
Iran,IRN,1992,1957.48507794252
Iceland,ISL,1992,27124.2745379594
Italy,ITA,1992,23297.0460325456
Jamaica,JAM,1992,1458.10146892635
Japan,JPN,1992,31992.7902119161
South Korea,KOR,1992,8126.66206183629
Morocco,MAR,1992,1327.02954101563
Mexico,MEX,1992,4220.56643677057
Nigeria,NGA,1992,508.515905682785
Netherlands,NLD,1992,23939.2173482108
Norway,NOR,1992,30523.9850558974
New Zealand,NZL,1992,11793.1392416214
Panama,PAN,1992,3139.89952899581
Peru,PER,1992,1567.40910765128
Poland,POL,1992,2459.02068468253
North Korea,PRK,1992,
Portugal,PRT,1992,10810.5665079626
Paraguay,PRY,1992,1682.67444777611
Qatar,QAT,1992,16280.2938815273
Romania,ROU,1992,1102.10378473246
Russia,RUS,1992,3098.802734375
Saudi Arabia,SAU,1992,11730.2687665244
Senegal,SEN,1992,951.204960087807
Serbia,SRB,1992,2349.40645150289
Slovakia,SVK,1992,2959.33644860111
Slovenia,SVN,1992,7151.15243829224
Sweden,SWE,1992,32753.8047025569
Togo,TGO,1992,564.71733648074
Trinidad and Tobago,TTO,1992,4277.47436935604
Tunisia,TUN,1992,1784.81850188268
Turkey,TUR,1992,2743.65320297936
Ukraine,UKR,1992,1413.24011230469
Uruguay,URY,1992,4101.71054155291
United States,USA,1992,25418.9907763319
South Africa,ZAF,1992,3462.39400202835
Angola,AGO,1993,449.727894936295
Argentina,ARG,1993,6931.85596375876
Australia,AUS,1993,17699.8764915704
Austria,AUT,1993,23987.2037240657
Belgium,BEL,1993,22283.9360213551
Bulgaria,BGR,1993,1278.52511370319
Bosnia and Herzegovina,BIH,1993,929.872118717018
Bolivia,BOL,1993,756.637016048451
Brazil,BRA,1993,2348.88247685352
Canada,CAN,1993,20186.7988782965
Switzerland,CHE,1993,39237.1186558781
Chile,CHL,1993,3540.91377313015
China PR,CHN,1993,378.939353053314
Ivory Coast,CIV,1993,804.149657211252
Cameroon,CMR,1993,1309.93629975506
Colombia,COL,1993,1930.05976548029
Costa Rica,CRI,1993,2840.38706479397
Czech Republic,CZE,1993,3984.1463439879
Germany,DEU,1993,25616.6508772405
Denmark,DNK,1993,27581.7241097459
Algeria,DZA,1993,1831.04800976449
Ecuador,ECU,1993,1697.88884141445
Egypt,EGY,1993,740.334217356418
Spain,ESP,1993,13330.3798192211
France,FRA,1993,22238.8250618434
Ghana,GHA,1993,359.800844097528
Greece,GRC,1993,10257.3085789073
Honduras,HND,1993,908.446013257125
Croatia,HRV,1993,2447.50319141761
Republic of Ireland,IRL,1993,14657.0615549805
Iran,IRN,1993,1038.10985680796
Iceland,ISL,1993,23579.7953612417
Italy,ITA,1993,18781.9529427137
Jamaica,JAM,1993,2220.51518327186
Japan,JPN,1993,36345.2441262708
South Korea,KOR,1993,8884.91946408987
Morocco,MAR,1993,1226.43054199219
Mexico,MEX,1993,6048.34840388099
Nigeria,NGA,1993,539.573202297542
Netherlands,NLD,1993,23156.4404444568
Norway,NOR,1993,27963.6979095744
New Zealand,NZL,1993,13094.3454502639
Panama,PAN,1993,3358.41411740053
Peru,PER,1993,1487.67404314175
Poland,POL,1993,2497.13055936127
North Korea,PRK,1993,
Portugal,PRT,1993,9534.6563637308
Paraguay,PRY,1993,1661.70955306218
Qatar,QAT,1993,14769.7193322522
Romania,ROU,1993,1158.05632799712
Russia,RUS,1993,2930.67016601563
Saudi Arabia,SAU,1993,10884.8607880777
Senegal,SEN,1993,877.52900343803
Serbia,SRB,1993,2349.40645150289
Slovakia,SVK,1993,3143.10143068756
Slovenia,SVN,1993,7254.58887417768
Sweden,SWE,1993,24390.1538004271
Togo,TGO,1993,414.013995214907
Trinidad and Tobago,TTO,1993,3646.71231742803
Tunisia,TUN,1993,1649.18537309075
Turkey,TUR,1993,3057.93737480422
Ukraine,UKR,1993,1254.02868652344
Uruguay,URY,1993,4753.00924682647
United States,USA,1993,26387.2937338171
South Africa,ZAF,1993,3399.64009566241
Angola,AGO,1994,334.973590276074
Argentina,ARG,1994,7437.56242327594
Australia,AUS,1994,18129.6353064456
Austria,AUT,1994,25546.2460525087
Belgium,BEL,1994,24208.5547931447
Bulgaria,BGR,1994,1149.89464008734
Bosnia and Herzegovina,BIH,1994,337.090896023259
Bolivia,BOL,1994,774.035669644318
Brazil,BRA,1994,3298.71250747787
Canada,CAN,1994,19997.6237373354
Switzerland,CHE,1994,43091.7770970073
Chile,CHL,1994,4012.10159912285
China PR,CHN,1994,475.677874448369
Ivory Coast,CIV,1994,581.888468577405
Cameroon,CMR,1994,700.70950185009
Colombia,COL,1994,2325.97557339326
Costa Rica,CRI,1994,3039.56328550633
Czech Republic,CZE,1994,4663.28665345469
Germany,DEU,1994,27201.9593555204
Denmark,DNK,1994,29967.8303903163
Algeria,DZA,1994,1525.54061760288
Ecuador,ECU,1994,1996.85894789444
Egypt,EGY,1994,807.303537230487
Spain,ESP,1994,13405.704414883
France,FRA,1994,23359.8985104774
Ghana,GHA,1994,320.50390343252
Greece,GRC,1994,10937.0223808611
Honduras,HND,1994,832.062972379136
Croatia,HRV,1994,3237.92646315285
Republic of Ireland,IRL,1994,15902.9296755168
Iran,IRN,1994,1167.7627251321
Iceland,ISL,1994,24018.6313967189
Italy,ITA,1994,19382.2002150155
Jamaica,JAM,1994,2202.85831038471
Japan,JPN,1994,39933.5150564874
South Korea,KOR,1994,10385.3904572997
Morocco,MAR,1994,1358.79443359375
Mexico,MEX,1994,6202.36588372862
Nigeria,NGA,1994,744.884247151377
Netherlands,NLD,1994,24682.5866742863
Norway,NOR,1994,29315.8092337732
New Zealand,NZL,1994,15280.3127842922
Panama,PAN,1994,3508.19570069218
Peru,PER,1994,1879.36657757919
Poland,POL,1994,2874.83163555069
North Korea,PRK,1994,
Portugal,PRT,1994,9977.31990905771
Paraguay,PRY,1994,1760.28807083292
Qatar,QAT,1994,14764.8771355222
Romania,ROU,1994,1323.03237766927
Russia,RUS,1994,2662.10400390625
Saudi Arabia,SAU,1994,10601.9196697805
Senegal,SEN,1994,583.782776032181
Serbia,SRB,1994,2349.40645150289
Slovakia,SVK,1994,3820.96427542658
Slovenia,SVN,1994,8243.89895545106
Sweden,SWE,1994,26045.8148927701
Togo,TGO,1994,328.600956079736
Trinidad and Tobago,TTO,1994,3839.96290233114
Tunisia,TUN,1994,1733.46614673506
Turkey,TUR,1994,2176.2801813809
Ukraine,UKR,1994,1009.09405517578
Uruguay,URY,1994,5507.56481300056
United States,USA,1994,27694.853416234
South Africa,ZAF,1994,3488.59711541763
Angola,AGO,1995,404.29481849612
Argentina,ARG,1995,7357.6162773788
Australia,AUS,1995,20448.1219685874
Austria,AUT,1995,30207.0674314652
Belgium,BEL,1995,28413.8264387368
Bulgaria,BGR,1995,2259.25922555221
Bosnia and Herzegovina,BIH,1995,502.365980975339
Bolivia,BOL,1995,852.754034861444
Brazil,BRA,1995,4756.74840785403
Canada,CAN,1995,20679.634792669
Switzerland,CHE,1995,50113.8321221345
Chile,CHL,1995,5081.4682771561
China PR,CHN,1995,612.680277898627
Ivory Coast,CIV,1995,740.4730999133
Cameroon,CMR,1995,832.006674487689
Colombia,COL,1995,2583.34991436018
Costa Rica,CRI,1995,3275.25256447416
Czech Republic,CZE,1995,5865.29460556726
Germany,DEU,1995,31747.2449398447
Denmark,DNK,1995,35321.0980773087
Algeria,DZA,1995,1466.94806760415
Ecuador,ECU,1995,2108.00698245316
Egypt,EGY,1995,916.326617700876
Spain,ESP,1995,15460.9110266653
France,FRA,1995,26791.8151982369
Ghana,GHA,1995,371.537243033836
Greece,GRC,1995,12779.081491606
Honduras,HND,1995,931.669547257738
Croatia,HRV,1995,4929.05772183424
Republic of Ireland,IRL,1995,19158.4564773907
Iran,IRN,1995,1550.0095955237
Iceland,ISL,1995,26633.5913761549
Italy,ITA,1995,20712.1798690324
Jamaica,JAM,1995,2630.84935382822
Japan,JPN,1995,44197.6191013908
South Korea,KOR,1995,12564.7243743092
Morocco,MAR,1995,1466.78820800781
Mexico,MEX,1995,4183.87847727479
Nigeria,NGA,1995,1271.61617353199
Netherlands,NLD,1995,29301.1940492376
Norway,NOR,1995,34875.7043347536
New Zealand,NZL,1995,17400.4201848172
Panama,PAN,1995,3513.89737854631
Peru,PER,1995,2189.53431515311
Poland,POL,1995,3700.95956775144
North Korea,PRK,1995,
Portugal,PRT,1995,11781.3618502221
Paraguay,PRY,1995,1978.71514099575
Qatar,QAT,1995,15822.5090711554
Romania,ROU,1995,1650.04922365201
Russia,RUS,1995,2665.77978515625
Saudi Arabia,SAU,1995,10786.4008952769
Senegal,SEN,1995,714.994396357297
Serbia,SRB,1995,2349.40645150289
Slovakia,SVK,1995,4882.51158238228
Slovenia,SVN,1995,10738.0887611468
Sweden,SWE,1995,30254.2972932631
Togo,TGO,1995,419.220334892756
Trinidad and Tobago,TTO,1995,4114.68908475464
Tunisia,TUN,1995,1968.16600944373
Turkey,TUR,1995,2774.61627202847
Ukraine,UKR,1995,933.191772460938
Uruguay,URY,1995,6050.48632253644
United States,USA,1995,28690.8757013347
South Africa,ZAF,1995,3855.6340871567
Angola,AGO,1996,531.115366543271
Argentina,ARG,1996,7663.21271287469
Australia,AUS,1996,22021.7839065228
Austria,AUT,1996,29645.9451251491
Belgium,BEL,1996,27489.5551770488
Bulgaria,BGR,1996,1470.19259250682
Bosnia and Herzegovina,BIH,1996,718.933797141505
Bolivia,BOL,1996,922.113259069714
Brazil,BRA,1996,5179.13052002464
Canada,CAN,1996,21296.9723536904
Switzerland,CHE,1996,48092.6433036512
Chile,CHL,1996,5333.50438729711
China PR,CHN,1996,713.337387811657
Ivory Coast,CIV,1996,1170.23622049666
Cameroon,CMR,1996,826.965322327363
Colombia,COL,1996,2664.45625558215
Costa Rica,CRI,1996,3226.96395598625
Czech Republic,CZE,1996,6573.19643136362
Germany,DEU,1996,30599.7891048363
Denmark,DNK,1996,35621.9878051732
Algeria,DZA,1996,1616.83198721285
Ecuador,ECU,1996,2135.8479374308
Egypt,EGY,1996,1008.97637629447
Spain,ESP,1996,16100.6215831114
France,FRA,1996,26757.6351494145
Ghana,GHA,1996,389.271267898831
Greece,GRC,1996,13432.5262183244
Honduras,HND,1996,883.311249797422
Croatia,HRV,1996,5299.6410536193
Republic of Ireland,IRL,1996,20835.8973666717
Iran,IRN,1996,1914.78121290985
Iceland,ISL,1996,27614.8770273122
Italy,ITA,1996,23122.9337219116
Jamaica,JAM,1996,2928.89692611996
Japan,JPN,1996,39150.0396308089
South Korea,KOR,1996,13402.994604707
Morocco,MAR,1996,1596.83239746094
Mexico,MEX,1996,4674.36792733681
Nigeria,NGA,1996,1632.72469370276
Netherlands,NLD,1996,29063.6236532536
Norway,NOR,1996,37321.9741993473
New Zealand,NZL,1996,18794.436039393
Panama,PAN,1996,3308.18429574276
Peru,PER,1996,2226.91682429265
Poland,POL,1996,4163.51195431959
North Korea,PRK,1996,
Portugal,PRT,1996,12185.0914010629
Paraguay,PRY,1996,2088.17109102236
Qatar,QAT,1996,17124.7920861356
Romania,ROU,1996,1633.01064354117
Russia,RUS,1996,2643.92919921875
Saudi Arabia,SAU,1996,11471.5045960191
Senegal,SEN,1996,723.469950081149
Serbia,SRB,1996,3053.90516860949
Slovakia,SVK,1996,5247.70081044708
Slovenia,SVN,1996,10796.7399446283
Sweden,SWE,1996,33022.5649478838
Togo,TGO,1996,452.068436882428
Trinidad and Tobago,TTO,1996,4427.27832448289
Tunisia,TUN,1996,2107.40815649257
Turkey,TUR,1996,2929.15394930619
Ukraine,UKR,1996,869.846069335938
Uruguay,URY,1996,6398.43575184095
United States,USA,1996,29967.7127181749
South Africa,ZAF,1996,3617.55336002932
Angola,AGO,1997,521.70291489053
Argentina,ARG,1997,8146.78710021431
Australia,AUS,1997,23646.6230457327
Austria,AUT,1997,26571.7523626508
Belgium,BEL,1997,24820.9380503896
Bulgaria,BGR,1997,1361.40938439884
Bosnia and Herzegovina,BIH,1997,913.813399054859
Bolivia,BOL,1997,970.351843368594
Brazil,BRA,1997,5299.39630404412
Canada,CAN,1997,21901.5628548392
Switzerland,CHE,1997,41584.441782159
Chile,CHL,1997,5741.95842989596
China PR,CHN,1997,786.743548510999
Ivory Coast,CIV,1997,1124.65674867927
Cameroon,CMR,1997,783.251601945462
Colombia,COL,1997,2873.20018821653
Costa Rica,CRI,1997,3407.776128985
Czech Republic,CZE,1997,6069.38762357837
Germany,DEU,1997,27046.9565464237
Denmark,DNK,1997,32779.879045297
Algeria,DZA,1997,1628.76100561506
Ecuador,ECU,1997,2340.76600026857
Egypt,EGY,1997,1146.20172117634
Spain,ESP,1997,14722.3717633536
France,FRA,1997,24169.4008102822
Ghana,GHA,1997,377.841935501461
Greece,GRC,1997,13015.9175046854
Honduras,HND,1997,944.930102441707
Croatia,HRV,1997,5331.02343858808
Republic of Ireland,IRL,1997,22551.1139134126
Iran,IRN,1997,1790.06617576107
Iceland,ISL,1997,27919.1854966562
Italy,ITA,1997,21883.9872666651
Jamaica,JAM,1997,3296.91634805083
Japan,JPN,1997,35638.2319556941
South Korea,KOR,1997,12398.4904543462
Morocco,MAR,1997,1426.30114746094
Mexico,MEX,1997,5567.35599516667
Nigeria,NGA,1997,1720.27540949396
Netherlands,NLD,1997,26744.9601318097
Norway,NOR,1997,36629.0309036621
New Zealand,NZL,1997,17474.187029724
Panama,PAN,1997,3545.97670881078
Peru,PER,1997,2300.67200774461
Poland,POL,1997,4137.00831823145
North Korea,PRK,1997,
Portugal,PRT,1997,11575.5071124358
Paraguay,PRY,1997,2078.50841313824
Qatar,QAT,1997,20522.8012995179
Romania,ROU,1997,1577.33656023974
Russia,RUS,1997,2737.57202148438
Saudi Arabia,SAU,1997,11545.3455998551
Senegal,SEN,1997,650.776321407448
Serbia,SRB,1997,3573.50440240049
Slovakia,SVK,1997,5172.41757491248
Slovenia,SVN,1997,10436.7260661871
Sweden,SWE,1997,30324.4510931063
Togo,TGO,1997,448.001096915436
Trinidad and Tobago,TTO,1997,4393.94496943068
Tunisia,TUN,1997,2202.06090620956
Turkey,TUR,1997,3020.99347061272
Ukraine,UKR,1997,987.489807128906
Uruguay,URY,1997,7436.29342620682
United States,USA,1997,31459.1299691554
South Africa,ZAF,1997,3700.23554789867
Angola,AGO,1998,429.188126933192
Argentina,ARG,1998,8218.99212764682
Australia,AUS,1998,21479.1142020092
Austria,AUT,1998,27212.4642905708
Belgium,BEL,1998,25338.4432934904
Bulgaria,BGR,1998,1820.44866449942
Bosnia and Herzegovina,BIH,1998,1006.70479669823
Bolivia,BOL,1998,1022.14506519545
Brazil,BRA,1998,5105.89099544117
Canada,CAN,1998,21024.5850687045
Switzerland,CHE,1998,42680.5867322391
Chile,CHL,1998,5419.82417297191
China PR,CHN,1998,835.095348597432
Ivory Coast,CIV,1998,1177.37133815342
Cameroon,CMR,1998,798.745621406677
Colombia,COL,1998,2605.99938059023
Costa Rica,CRI,1998,3617.45756666726
Czech Republic,CZE,1998,6526.59635780951
Germany,DEU,1998,27395.9440608051
Denmark,DNK,1998,33346.4884298957
Algeria,DZA,1998,1603.36623200836
Ecuador,ECU,1998,2284.01572847769
Egypt,EGY,1998,1212.82259820477
Spain,ESP,1998,15382.3348573373
France,FRA,1998,24869.4030795939
Ghana,GHA,1998,400.366799508524
Greece,GRC,1998,13022.9648774809
Honduras,HND,1998,1021.15818843434
Croatia,HRV,1998,5712.58985659548
Republic of Ireland,IRL,1998,24294.8547674007
Iran,IRN,1998,1709.19334095949
Iceland,ISL,1998,31030.2483442475
Italy,ITA,1998,22365.1837644545
Jamaica,JAM,1998,3419.49352868739
Japan,JPN,1998,32423.7556133801
South Korea,KOR,1998,8281.71948271445
Morocco,MAR,1998,1668.49755859375
Mexico,MEX,1998,5832.69342004468
Nigeria,NGA,1998,1822.46998452473
Netherlands,NLD,1998,27924.281808994
Norway,NOR,1998,34803.4634058738
New Zealand,NZL,1998,14738.4455703918
Panama,PAN,1998,3807.83869182014
Peru,PER,1998,2156.39377651613
Poland,POL,1998,4533.5356551781
North Korea,PRK,1998,
Portugal,PRT,1998,12199.206385024
Paraguay,PRY,1998,1889.88455618586
Qatar,QAT,1998,17665.4408438222
Romania,ROU,1998,1852.5549693339
Russia,RUS,1998,1834.86181640625
Saudi Arabia,SAU,1998,9836.05729768574
Senegal,SEN,1998,684.588105785786
Serbia,SRB,1998,2775.47372982047
Slovakia,SVK,1998,5560.916177503
Slovenia,SVN,1998,11131.5666628231
Sweden,SWE,1998,30605.6227188103
Togo,TGO,1998,461.158245854911
Trinidad and Tobago,TTO,1998,4612.70900312686
Tunisia,TUN,1998,2285.01933541864
Turkey,TUR,1998,4329.56243985573
Ukraine,UKR,1998,831.336791992188
Uruguay,URY,1998,7836.89183322307
United States,USA,1998,32853.6725949234
South Africa,ZAF,1998,3309.60933087472
Angola,AGO,1999,392.725539027496
Argentina,ARG,1999,7705.54288252851
Australia,AUS,1999,20712.6697805564
Austria,AUT,1999,27078.7081612201
Belgium,BEL,1999,25252.8019066564
Bulgaria,BGR,1999,1660.9089125393
Bosnia and Herzegovina,BIH,1999,1134.60298042083
Bolivia,BOL,1999,979.344494964572
Brazil,BRA,1999,3493.57162513699
Canada,CAN,1999,22315.2466731545
Switzerland,CHE,1999,41695.6912912021
Chile,CHL,1999,4933.55581516755
China PR,CHN,1999,881.146614068925
Ivory Coast,CIV,1999,1096.13520587572
Cameroon,CMR,1999,796.262649784591
Colombia,COL,1999,2243.64204956242
Costa Rica,CRI,1999,3690.96154778297
Czech Republic,CZE,1999,6377.6211077224
Germany,DEU,1999,26965.4922773722
Denmark,DNK,1999,33426.2381077405
Algeria,DZA,1999,1596.11822239025
Ecuador,ECU,1999,1575.30234730971
Egypt,EGY,1999,1268.30949160496
Spain,ESP,1999,15707.9473068138
France,FRA,1999,24576.3152254528
Ghana,GHA,1999,403.037326127273
Greece,GRC,1999,12742.5404388143
Honduras,HND,1999,1002.19633011186
Croatia,HRV,1999,5269.03394637289
Republic of Ireland,IRL,1999,26338.1077543817
Iran,IRN,1999,1739.59462001971
Iceland,ISL,1999,32381.6252356488
Italy,ITA,1999,22049.9990620261
Jamaica,JAM,1999,3431.56813468335
Japan,JPN,1999,36610.1683163197
South Korea,KOR,1999,10672.4475586765
Morocco,MAR,1999,1635.65673828125
Mexico,MEX,1999,6499.97182950425
Nigeria,NGA,1999,480.669363941805
Netherlands,NLD,1999,28318.7466538357
Norway,NOR,1999,36393.2927471088
New Zealand,NZL,1999,15322.2238340267
Panama,PAN,1999,3950.34145012809
Peru,PER,1999,1916.53397367908
Poland,POL,1999,4415.50067547826
North Korea,PRK,1999,
Portugal,PRT,1999,12475.2917701476
Paraguay,PRY,1999,1766.30657288259
Qatar,QAT,1999,20233.6846826643
Romania,ROU,1999,1599.90622808339
Russia,RUS,1999,1330.75720214844
Saudi Arabia,SAU,1999,10452.1899400479
Senegal,SEN,1999,677.516338727268
Serbia,SRB,1999,2768.91041346166
Slovakia,SVK,1999,5651.62327514236
Slovenia,SVN,1999,11401.4906790909
Sweden,SWE,1999,30969.1033509483
Togo,TGO,1999,445.291484100954
Trinidad and Tobago,TTO,1999,5179.08350809274
Tunisia,TUN,1999,2376.06566791596
Turkey,TUR,1999,3969.47359406585
Ukraine,UKR,1999,631.910461425781
Uruguay,URY,1999,7370.56995453931
United States,USA,1999,34515.3813073394
South Africa,ZAF,1999,3242.36830483958
Angola,AGO,2000,563.733795571487
Argentina,ARG,2000,7637.01489203628
Australia,AUS,2000,21870.4159669594
Austria,AUT,2000,24487.2974685956
Belgium,BEL,2000,23098.8865077401
Bulgaria,BGR,2000,1621.26210738992
Bosnia and Herzegovina,BIH,2000,1338.48059636261
Bolivia,BOL,2000,975.777060358751
Brazil,BRA,2000,3766.54811466032
Canada,CAN,2000,24271.0020563821
Switzerland,CHE,2000,38865.021939688
Chile,CHL,2000,5052.99245766325
China PR,CHN,2000,969.199513696287
Ivory Coast,CIV,2000,936.636541348798
Cameroon,CMR,2000,708.565731625965
Colombia,COL,2000,2555.00751039968
Costa Rica,CRI,2000,3812.75388284924
Czech Republic,CZE,2000,6062.92152842793
Germany,DEU,2000,23925.8559901991
Denmark,DNK,2000,30722.0251837567
Algeria,DZA,2000,1772.92869122761
Ecuador,ECU,2000,1382.23421759909
Egypt,EGY,2000,1366.09274372613
Spain,ESP,2000,14743.2671031455
France,FRA,2000,22340.5939516217
Ghana,GHA,2000,253.746936203344
Greece,GRC,2000,11638.2010697215
Honduras,HND,2000,1092.56400746252
Croatia,HRV,2000,4953.65158789022
Republic of Ireland,IRL,2000,26334.5672050501
Iran,IRN,2000,1650.01385832603
Iceland,ISL,2000,32096.3722613695
Italy,ITA,2000,20190.0035636084
Jamaica,JAM,2000,3453.09252800226
Japan,JPN,2000,39169.3595701504
South Korea,KOR,2000,12257.0206622345
Morocco,MAR,2000,1499.107421875
Mexico,MEX,2000,7524.0271380091
Nigeria,NGA,2000,547.318298903379
Netherlands,NLD,2000,26225.1697734149
Norway,NOR,2000,38178.2368777076
New Zealand,NZL,2000,13641.1027183822
Panama,PAN,2000,3975.09308659503
Peru,PER,2000,1945.41338451698
Poland,POL,2000,4520.64100449111
North Korea,PRK,2000,
Portugal,PRT,2000,11526.3720667968
Paraguay,PRY,2000,1736.11729210765
Qatar,QAT,2000,27535.182940934
Romania,ROU,2000,1659.92904910528
Russia,RUS,2000,1771.59411621094
Saudi Arabia,SAU,2000,11714.5623675159
Senegal,SEN,2000,603.233162455158
Serbia,SRB,2000,974.725469278615
Slovakia,SVK,2000,5421.6448441887
Slovenia,SVN,2000,10135.7219109212
Sweden,SWE,2000,29632.7736101599
Togo,TGO,2000,409.889802792768
Trinidad and Tobago,TTO,2000,6178.58975559687
Tunisia,TUN,2000,2199.04465936314
Turkey,TUR,2000,4192.44316738494
Ukraine,UKR,2000,653.294311523438
Uruguay,URY,2000,6987.70098766257
United States,USA,2000,36329.9702595751
South Africa,ZAF,2000,3217.84693448467
Angola,AGO,2001,533.586202412447
Argentina,ARG,2001,7141.47507662826
Australia,AUS,2001,19695.7297379144
Austria,AUT,2001,24430.495982841
Belgium,BEL,2001,23015.0712632462
Bulgaria,BGR,2001,1770.90704918691
Bosnia and Herzegovina,BIH,2001,1387.89365131544
Bolivia,BOL,2001,930.168227214313
Brazil,BRA,2001,3176.28935747524
Canada,CAN,2001,23822.096210932
Switzerland,CHE,2001,39638.7911061864
Chile,CHL,2001,4563.5952986689
China PR,CHN,2001,1065.40597574519
Ivory Coast,CIV,2001,924.727294962066
Cameroon,CMR,2001,715.470296470585
Colombia,COL,2001,2472.99084035833
Costa Rica,CRI,2001,3985.12984506207
Czech Republic,CZE,2001,6669.07494847497
Germany,DEU,2001,23878.3641471651
Denmark,DNK,2001,30768.4775471112
Algeria,DZA,2001,1896.30020878013
Ecuador,ECU,2001,1791.30359685037
Egypt,EGY,2001,1295.1374184163
Spain,ESP,2001,15368.2337984435
France,FRA,2001,22331.7948343036
Ghana,GHA,2001,263.542156494853
Greece,GRC,2001,12156.9572824221
Honduras,HND,2001,1132.1648753329
Croatia,HRV,2001,5364.83824691607
Republic of Ireland,IRL,2001,28282.409882073
Iran,IRN,2001,1881.02266634748
Iceland,ISL,2001,28897.4439396908
Italy,ITA,2001,20570.4385917862
Jamaica,JAM,2001,3503.55026688858
Japan,JPN,2001,34406.1824638092
South Korea,KOR,2001,11561.2071745115
Morocco,MAR,2001,1506.24523925781
Mexico,MEX,2001,7952.76479510706
Nigeria,NGA,2001,566.428231812933
Netherlands,NLD,2001,26955.7128032278
Norway,NOR,2001,38601.897639231
New Zealand,NZL,2001,13882.8568268586
Panama,PAN,2001,3991.7767076924
Peru,PER,2001,1929.57273038846
Poland,POL,2001,5015.23790036613
North Korea,PRK,2001,
Portugal,PRT,2001,11734.7649743954
Paraguay,PRY,2001,1637.68615122932
Qatar,QAT,2001,25870.7991864314
Romania,ROU,2001,1825.19299373184
Russia,RUS,2001,2100.3525390625
Saudi Arabia,SAU,2001,10805.311325122
Senegal,SEN,2001,637.213530563724
Serbia,SRB,2001,1812.42088281393
Slovakia,SVK,2001,5712.47802761654
Slovenia,SVN,2001,10375.6255869861
Sweden,SWE,2001,27259.4806735435
Togo,TGO,2001,396.692654520135
Trinidad and Tobago,TTO,2001,6657.41466937221
Tunisia,TUN,2001,2235.71981624751
Turkey,TUR,2001,3045.55413956926
Ukraine,UKR,2001,800.49072265625
Uruguay,URY,2001,6382.76104740859
United States,USA,2001,37133.6203973517
South Africa,ZAF,2001,2847.15191945908
Angola,AGO,2002,882.147847234303
Argentina,ARG,2002,2569.69963519124
Australia,AUS,2002,20301.8431713256
Austria,AUT,2002,26334.862215032
Belgium,BEL,2002,25006.191397109
Bulgaria,BGR,2002,2092.98288625558
Bosnia and Herzegovina,BIH,2002,1606.54672243362
Bolivia,BOL,2002,888.221328974352
Brazil,BRA,2002,2855.94018885769
Canada,CAN,2002,24256.0192337185
Switzerland,CHE,2002,42458.7384679187
Chile,CHL,2002,4430.84741157984
China PR,CHN,2002,1163.55957673426
Ivory Coast,CIV,2002,967.815864415991
Cameroon,CMR,2002,789.623811072554
Colombia,COL,2002,2428.92969771584
Costa Rica,CRI,2002,4067.71851429092
Czech Republic,CZE,2002,8101.26018588111
Germany,DEU,2002,25486.5942008748
Denmark,DNK,2002,33257.1622586509
Algeria,DZA,2002,1937.46411413019
Ecuador,ECU,2002,2059.1585535974
Egypt,EGY,2002,1116.82884626213
Spain,ESP,2002,17111.0685058941
France,FRA,2002,24144.5727019529
Ghana,GHA,2002,297.46164468774
Greece,GRC,2002,13782.195640943
Honduras,HND,2002,1132.49965345317
Croatia,HRV,2002,6219.58164143945
Republic of Ireland,IRL,2002,32705.4345565698
Iran,IRN,2002,1891.25756092031
Iceland,ISL,2002,32409.2161491753
Italy,ITA,2002,22451.3964379368
Jamaica,JAM,2002,3680.64551727724
Japan,JPN,2002,32820.7936433254
South Korea,KOR,2002,13165.08362497
Morocco,MAR,2002,1596.02062988281
Mexico,MEX,2002,7983.03398381759
Nigeria,NGA,2002,712.164852077686
Netherlands,NLD,2002,29446.5330872868
Norway,NOR,2002,43170.557174499
New Zealand,NZL,2002,16874.1874918196
Panama,PAN,2002,4090.58617397129
Peru,PER,2002,2007.37019626753
Poland,POL,2002,5223.45178967082
North Korea,PRK,2002,
Portugal,PRT,2002,12936.6928204482
Paraguay,PRY,2002,1367.76506935997
Qatar,QAT,2002,27226.6593510117
Romania,ROU,2002,2119.85509684554
Russia,RUS,2002,2377.52954101563
Saudi Arabia,SAU,2002,10586.0543471363
Senegal,SEN,2002,669.430447319209
Serbia,SRB,2002,2390.73459447107
Slovakia,SVK,2002,6554.62808369461
Slovenia,SVN,2002,11639.1297780477
Sweden,SWE,2002,29957.9387652616
Togo,TGO,2002,445.238691488925
Trinidad and Tobago,TTO,2002,6762.93080808096
Tunisia,TUN,2002,2320.7723805785
Turkey,TUR,2002,3583.19745897158
Ukraine,UKR,2002,903.011901855469
Uruguay,URY,2002,4149.76140312687
United States,USA,2002,37997.7424300242
South Africa,ZAF,2002,2688.23676032806
Angola,AGO,2003,992.698979254665
Argentina,ARG,2003,3320.47775133903
Australia,AUS,2003,23718.1338501868
Austria,AUT,2003,32110.1159661425
Belgium,BEL,2003,30655.2092679024
Bulgaria,BGR,2003,2719.49436859287
Bosnia and Herzegovina,BIH,2003,2033.94700935864
Bolivia,BOL,2003,893.013760211149
Brazil,BRA,2003,3090.6070097455
Canada,CAN,2003,28301.8645937428
Switzerland,CHE,2003,49335.7456291067
Chile,CHL,2003,4773.40177520754
China PR,CHN,2003,1306.97245408557
Ivory Coast,CIV,2003,1111.17135087887
Cameroon,CMR,2003,988.241276791846
Colombia,COL,2003,2311.94218760291
Costa Rica,CRI,2003,4173.14856415514
Czech Republic,CZE,2003,9852.45677945801
Germany,DEU,2003,30711.1022511331
Denmark,DNK,2003,40519.0974905924
Algeria,DZA,2003,2283.77299346126
Ecuador,ECU,2003,2315.62215223014
Egypt,EGY,2003,1031.27556291284
Spain,ESP,2003,21522.0170990262
France,FRA,2003,29479.5222101175
Ghana,GHA,2003,358.39927142073
Greece,GRC,2003,18020.612039764
Honduras,HND,2003,1156.08162681357
Croatia,HRV,2003,8190.11135193887
Republic of Ireland,IRL,2003,41203.5295847568
Iran,IRN,2003,2208.99636553529
Iceland,ISL,2003,39476.6978486684
Italy,ITA,2003,27577.5700319855
Jamaica,JAM,2003,3549.70758394618
Japan,JPN,2003,35387.0374203599
South Korea,KOR,2003,14672.8057539465
Morocco,MAR,2003,1941.87255859375
Mexico,MEX,2003,7434.07465031562
Nigeria,NGA,2003,763.388745367223
Netherlands,NLD,2003,35896.7504630706
Norway,NOR,2003,50250.3298214345
New Zealand,NZL,2003,21913.7081719961
Panama,PAN,2003,4264.66428846636
Peru,PER,2003,2129.44114197634
Poland,POL,2003,5720.81366178104
North Korea,PRK,2003,
Portugal,PRT,2003,15797.7821340276
Paraguay,PRY,2003,1443.99885236205
Qatar,QAT,2003,31602.470865136
Romania,ROU,2003,2679.40626016154
Russia,RUS,2003,2975.123046875
Saudi Arabia,SAU,2003,11487.220410693
Senegal,SEN,2003,817.888034221442
Serbia,SRB,2003,3153.9011312754
Slovakia,SVK,2003,8675.39633696465
Slovenia,SVN,2003,14711.674874253
Sweden,SWE,2003,37292.4214343004
Togo,TGO,2003,538.16537776929
Trinidad and Tobago,TTO,2003,8445.04653518298
Tunisia,TUN,2003,2725.8643148859
Turkey,TUR,2003,4637.88218501529
Ukraine,UKR,2003,1076.48156738281
Uruguay,URY,2003,3671.12329256883
United States,USA,2003,39490.3023903176
South Africa,ZAF,2003,4062.21755993786
Angola,AGO,2004,1266.21086410236
Argentina,ARG,2004,4242.02099089422
Australia,AUS,2004,30836.7306824685
Austria,AUT,2004,36614.2506533707
Belgium,BEL,2004,35429.4077933344
Bulgaria,BGR,2004,3389.68743360274
Bosnia and Herzegovina,BIH,2004,2452.68616839392
Bolivia,BOL,2004,953.191893246277
Brazil,BRA,2004,3663.823188064
Canada,CAN,2004,32145.5412620217
Switzerland,CHE,2004,54659.4571488233
Chile,CHL,2004,6120.59152055344
China PR,CHN,2004,1530.92726215723
Ivory Coast,CIV,2004,1199.82524528546
Cameroon,CMR,2004,1133.39326749673
Colombia,COL,2004,2818.57195413044
Costa Rica,CRI,2004,4431.0117207843
Czech Republic,CZE,2004,11782.5546676117
Germany,DEU,2004,34566.7359143735
Denmark,DNK,2004,46625.050098011
Algeria,DZA,2004,2816.99384960555
Ecuador,ECU,2004,2586.20914663347
Egypt,EGY,2004,991.255689145253
Spain,ESP,2004,24925.0267844576
France,FRA,2004,33644.9282220364
Ghana,GHA,2004,406.132105329565
Greece,GRC,2004,21449.2552764245
Honduras,HND,2004,1215.13995412761
Croatia,HRV,2004,9718.97322801967
Republic of Ireland,IRL,2004,47754.2023194244
Iran,IRN,2004,2672.42266512669
Iceland,ISL,2004,47334.9306537723
Italy,ITA,2004,31348.1901841445
Jamaica,JAM,2004,3807.56293124552
Japan,JPN,2004,38298.9801712303
South Korea,KOR,2004,16496.1316167114
Morocco,MAR,2004,2183.55541992188
Mexico,MEX,2004,7849.66759649565
Nigeria,NGA,2004,962.48104194733
Netherlands,NLD,2004,40611.3414353091
Norway,NOR,2004,57768.6980958462
New Zealand,NZL,2004,25420.234882944
Panama,PAN,2004,4644.56582353041
Peru,PER,2004,2397.25147277714
Poland,POL,2004,6711.72715262967
North Korea,PRK,2004,
Portugal,PRT,2004,18064.1580932987
Paraguay,PRY,2004,1786.21533938543
Qatar,QAT,2004,41035.5008380177
Romania,ROU,2004,3494.99056448955
Russia,RUS,2004,4102.36474609375
Saudi Arabia,SAU,2004,13154.4978989446
Senegal,SEN,2004,918.102079522155
Serbia,SRB,2004,3597.08798057009
Slovakia,SVK,2004,10650.1290097126
Slovenia,SVN,2004,17103.8297783905
Sweden,SWE,2004,42758.2015503417
Togo,TGO,2004,560.266308533382
Trinidad and Tobago,TTO,2004,9871.03419820086
Tunisia,TUN,2004,3067.41936376975
Turkey,TUR,2004,5960.77898909049
Ukraine,UKR,2004,1401.01806640625
Uruguay,URY,2004,4168.66065438387
United States,USA,2004,41724.6411982614
South Africa,ZAF,2004,5221.46333731721
Angola,AGO,2005,1916.46842218625
Argentina,ARG,2005,5067.65342293276
Australia,AUS,2005,34479.7679298388
Austria,AUT,2005,38157.37022862
Belgium,BEL,2005,36809.7013403619
Bulgaria,BGR,2005,3899.82596332878
Bosnia and Herzegovina,BIH,2005,2739.61076866057
Bolivia,BOL,2005,1020.12326200737
Brazil,BRA,2005,4827.78173074714
Canada,CAN,2005,36383.6600068095
Switzerland,CHE,2005,56242.8933645639
Chile,CHL,2005,7480.32330998636
China PR,CHN,2005,1777.64496828464
Ivory Coast,CIV,2005,1197.74616979415
Cameroon,CMR,2005,1142.62466252106
Colombia,COL,2005,3456.06610874512
Costa Rica,CRI,2005,4703.00721784778
Czech Republic,CZE,2005,13442.4916284309
Germany,DEU,2005,35084.4363546269
Denmark,DNK,2005,48925.8076698784
Algeria,DZA,2005,3233.13339634212
Ecuador,ECU,2005,2909.02606014388
Egypt,EGY,2005,1105.53920713903
Spain,ESP,2005,26450.9530130382
France,FRA,2005,34696.3718316971
Ghana,GHA,2005,478.611909191028
Greece,GRC,2005,22054.1315756886
Honduras,HND,2005,1304.70039153826
Croatia,HRV,2005,10443.5278353294
Republic of Ireland,IRL,2005,50933.0216095589
Iran,IRN,2005,3132.05081925856
Iceland,ISL,2005,56794.8501588953
Italy,ITA,2005,32062.723833669
Jamaica,JAM,2005,4184.43974867497
Japan,JPN,2005,37812.8950199948
South Korea,KOR,2005,19402.5026259549
Morocco,MAR,2005,2242.98828125
Mexico,MEX,2005,8671.75891885163
Nigeria,NGA,2005,1211.37703504386
Netherlands,NLD,2005,42165.396168388
Norway,NOR,2005,67047.1704558264
New Zealand,NZL,2005,27751.0654708859
Panama,PAN,2005,5017.7410922824
Peru,PER,2005,2706.66947297608
Poland,POL,2005,8043.92332253757
North Korea,PRK,2005,
Portugal,PRT,2005,18780.12751241
Paraguay,PRY,2005,1970.87169852378
Qatar,QAT,2005,53949.6764091147
Romania,ROU,2005,4618.00350802913
Russia,RUS,2005,5323.455078125
Saudi Arabia,SAU,2005,15975.7473782258
Senegal,SEN,2005,979.846101520171
Serbia,SRB,2005,3807.97417321786
Slovakia,SVK,2005,11641.5410321763
Slovenia,SVN,2005,17969.7095907161
Sweden,SWE,2005,43378.6152117149
Togo,TGO,2005,551.259850017077
Trinidad and Tobago,TTO,2005,12346.4373094075
Tunisia,TUN,2005,3146.8260743927
Turkey,TUR,2005,7303.01388860245
Ukraine,UKR,2005,1875.33508300781
Uruguay,URY,2005,5284.25677987129
United States,USA,2005,44123.3996470026
South Africa,ZAF,2005,5836.87663325127
Angola,AGO,2006,2617.05196022633
Argentina,ARG,2006,5869.38028970204
Australia,AUS,2006,36595.7071548423
Austria,AUT,2006,40382.2078298575
Belgium,BEL,2006,38705.1067959147
Bulgaria,BGR,2006,4523.1465578805
Bosnia and Herzegovina,BIH,2006,3166.12865344833
Bolivia,BOL,2006,1202.71150446327
Brazil,BRA,2006,5934.14470924968
Canada,CAN,2006,40504.0370977806
Switzerland,CHE,2006,59011.0324592016
Chile,CHL,2006,9318.65655296121
China PR,CHN,2006,2129.25696999613
Ivory Coast,CIV,2006,1230.43056838584
Cameroon,CMR,2006,1191.45458990968
Colombia,COL,2006,3789.85361217027
Costa Rica,CRI,2006,5256.59640859159
Czech Republic,CZE,2006,15259.0788162004
Germany,DEU,2006,36980.3349948954
Denmark,DNK,2006,52119.1787984282
Algeria,DZA,2006,3660.66104745322
Ecuador,ECU,2006,3243.67010359339
Egypt,EGY,2006,1298.97900203124
Spain,ESP,2006,28421.686527407
France,FRA,2006,36431.5658906555
Ghana,GHA,2006,906.441027564887
Greece,GRC,2006,24416.0232970275
Honduras,HND,2006,1425.84780051892
Croatia,HRV,2006,11502.753124287
Republic of Ireland,IRL,2006,54329.1618599624
Iran,IRN,2006,3618.9160136791
Iceland,ISL,2006,57492.9342498703
Italy,ITA,2006,33537.1286994269
Jamaica,JAM,2006,4417.00127135363
Japan,JPN,2006,35991.546002862
South Korea,KOR,2006,21743.4774514254
Morocco,MAR,2006,2438.12646484375
Mexico,MEX,2006,9512.63575346699
Nigeria,NGA,2006,1599.53891556365
Netherlands,NLD,2006,45123.5432406426
Norway,NOR,2006,74434.4996835671
New Zealand,NZL,2006,26654.5932018985
Panama,PAN,2006,5528.76705469354
Peru,PER,2006,3129.55996496982
Poland,POL,2006,9068.85528307627
North Korea,PRK,2006,
Portugal,PRT,2006,19839.4540499032
Paraguay,PRY,2006,2439.43124694576
Qatar,QAT,2006,62582.4453138755
Romania,ROU,2006,5757.53127301178
Russia,RUS,2006,6920.19970703125
Saudi Arabia,SAU,2006,17563.6145370639
Senegal,SEN,2006,1017.20196747987
Serbia,SRB,2006,4492.7136699046
Slovakia,SVK,2006,13167.8954730379
Slovenia,SVN,2006,19563.005059144
Sweden,SWE,2006,46531.6001120572
Togo,TGO,2006,552.50227125256
Trinidad and Tobago,TTO,2006,14152.6607422113
Tunisia,TUN,2006,3322.56933570096
Turkey,TUR,2006,7953.07848024969
Ukraine,UKR,2006,2366.494140625
Uruguay,URY,2006,6001.33294783172
United States,USA,2006,46301.9876485519
South Africa,ZAF,2006,6077.38293388876
Angola,AGO,2007,3141.0459797605
Argentina,ARG,2007,7185.25155147027
Australia,AUS,2007,41051.6120652288
Austria,AUT,2007,46622.9622913635
Belgium,BEL,2007,44319.165448813
Bulgaria,BGR,2007,5888.57081403932
Bosnia and Herzegovina,BIH,2007,3931.48948737505
Bolivia,BOL,2007,1354.54905949929
Brazil,BRA,2007,7409.69130673473
Canada,CAN,2007,44660.0838892281
Switzerland,CHE,2007,64989.1553256031
Chile,CHL,2007,10346.4138184533
China PR,CHN,2007,2734.72709877693
Ivory Coast,CIV,2007,1367.53817722326
Cameroon,CMR,2007,1325.67248215933
Colombia,COL,2007,4769.926147194
Costa Rica,CRI,2007,6137.71199925542
Czech Republic,CZE,2007,18452.6532812196
Germany,DEU,2007,42350.9217211489
Denmark,DNK,2007,58631.6566433635
Algeria,DZA,2007,4167.45169937531
Ecuador,ECU,2007,3478.92488770671
Egypt,EGY,2007,1547.74170735909
Spain,ESP,2007,32652.015594702
France,FRA,2007,41486.1907828787
Ghana,GHA,2007,1050.12461524926
Greece,GRC,2007,28440.7625328955
Honduras,HND,2007,1577.73789197407
Croatia,HRV,2007,13757.605654192
Republic of Ireland,IRL,2007,61396.417461176
Iran,IRN,2007,4687.99166265915
Iceland,ISL,2007,69495.7267376825
Italy,ITA,2007,37826.1754554823
Jamaica,JAM,2007,4716.48612542727
Japan,JPN,2007,35779.0245416427
South Korea,KOR,2007,24086.4104391677
Morocco,MAR,2007,2755.5859375
Mexico,MEX,2007,10134.3327129706
Nigeria,NGA,2007,1815.52697545827
Netherlands,NLD,2007,52100.7996285947
Norway,NOR,2007,85502.2677087731
New Zealand,NZL,2007,32479.9817381467
Panama,PAN,2007,6317.81730274124
Peru,PER,2007,3581.0893081917
Poland,POL,2007,11272.5293683383
North Korea,PRK,2007,
Portugal,PRT,2007,22811.0564844365
Paraguay,PRY,2007,3211.93621659546
Qatar,QAT,2007,65954.3419525051
Romania,ROU,2007,8360.33775916596
Russia,RUS,2007,9101.2392578125
Saudi Arabia,SAU,2007,18596.1502627898
Senegal,SEN,2007,1188.93877808175
Serbia,SRB,2007,6081.08765700202
Slovakia,SVK,2007,16110.4817265237
Slovenia,SVN,2007,23725.1596001515
Sweden,SWE,2007,53568.5645523213
Togo,TGO,2007,607.588224471809
Trinidad and Tobago,TTO,2007,16606.675360681
Tunisia,TUN,2007,3726.91672935667
Turkey,TUR,2007,9711.22376120832
Ukraine,UKR,2007,3160.32763671875
Uruguay,URY,2007,7222.05403645877
United States,USA,2007,48050.227412195
South Africa,ZAF,2007,6591.85535960564
Angola,AGO,2008,4103.0669003635
Argentina,ARG,2008,8944.1102657357
Australia,AUS,2008,49701.2817843335
Austria,AUT,2008,51581.3982361071
Belgium,BEL,2008,48303.397956286
Bulgaria,BGR,2008,7271.30338858025
Bosnia and Herzegovina,BIH,2008,4841.69311934649
Bolivia,BOL,2008,1692.67248455876
Brazil,BRA,2008,8908.33176538648
Canada,CAN,2008,46710.2526864484
Switzerland,CHE,2008,74175.1927898555
Chile,CHL,2008,10683.2188772511
China PR,CHN,2008,3523.44302065213
Ivory Coast,CIV,2008,1583.97066701372
Cameroon,CMR,2008,1492.14269801453
Colombia,COL,2008,5541.83629665898
Costa Rica,CRI,2008,6937.24261596055
Czech Republic,CZE,2008,22774.7045076205
Germany,DEU,2008,46386.3295924799
Denmark,DNK,2008,64616.6657583663
Algeria,DZA,2008,5180.91881514686
Ecuador,ECU,2008,4194.75750661981
Egypt,EGY,2008,1896.21594269779
Spain,ESP,2008,35603.248328071
France,FRA,2008,45464.8181385158
Ghana,GHA,2008,1182.65761256016
Greece,GRC,2008,31695.8331092209
Honduras,HND,2008,1732.49062702803
Croatia,HRV,2008,15889.4347074759
Republic of Ireland,IRL,2008,61353.1065629523
Iran,IRN,2008,5377.41150725587
Iceland,ISL,2008,56943.3704468563
Italy,ITA,2008,40828.5795580937
Jamaica,JAM,2008,5029.80095281745
Japan,JPN,2008,39876.3039685725
South Korea,KOR,2008,21350.427979823
Morocco,MAR,2008,3183.20043945313
Mexico,MEX,2008,10523.7685427665
Nigeria,NGA,2008,2154.10543545364
Netherlands,NLD,2008,58246.7026905874
Norway,NOR,2008,97503.5407803783
New Zealand,NZL,2008,31324.7397977102
Panama,PAN,2008,7347.59050324397
Peru,PER,2008,4197.58444634142
Poland,POL,2008,14048.5604672654
North Korea,PRK,2008,
Portugal,PRT,2008,24949.0413566739
Paraguay,PRY,2008,4384.9546943793
Qatar,QAT,2008,80781.4039187792
Romania,ROU,2008,10435.1561230787
Russia,RUS,2008,11635.2841796875
Saudi Arabia,SAU,2008,22320.4888964331
Senegal,SEN,2008,1398.79218010021
Serbia,SRB,2008,7376.73517910716
Slovakia,SVK,2008,18744.3192278346
Slovenia,SVN,2008,27461.9764165315
Sweden,SWE,2008,55817.4392710726
Togo,TGO,2008,718.948786366771
Trinidad and Tobago,TTO,2008,21298.9945258063
Tunisia,TUN,2008,4255.05008019523
Turkey,TUR,2008,10843.5036940489
Ukraine,UKR,2008,4017.806640625
Uruguay,URY,2008,9423.96562595893
United States,USA,2008,48570.0594269601
South Africa,ZAF,2008,6184.75474328399
Angola,AGO,2009,3136.64546955947
Argentina,ARG,2009,8150.23527028221
Australia,AUS,2009,42816.5674002829
Austria,AUT,2009,47857.4446635266
Belgium,BEL,2009,44923.3400135081
Bulgaria,BGR,2009,6988.27316296465
Bosnia and Herzegovina,BIH,2009,4539.91863774968
Bolivia,BOL,2009,1731.18172112209
Brazil,BRA,2009,8678.6592244676
Canada,CAN,2009,40874.8831932903
Switzerland,CHE,2009,71568.3123885672
Chile,CHL,2009,10098.8017167286
China PR,CHN,2009,3898.24459158811
Ivory Coast,CIV,2009,1540.45393569596
Cameroon,CMR,2009,1461.38999232337
Colombia,COL,2009,5250.97292433518
Costa Rica,CRI,2009,6832.69829924138
Czech Republic,CZE,2009,19817.4215836554
Germany,DEU,2009,42487.2137101496
Denmark,DNK,2009,58412.7472358513
Algeria,DZA,2009,4235.42990456612
Ecuador,ECU,2009,4053.36331139298
Egypt,EGY,2009,2161.63964573927
Spain,ESP,2009,32279.8208476151
France,FRA,2009,41728.0884164132
Ghana,GHA,2009,1047.70430093586
Greece,GRC,2009,29425.4573200263
Honduras,HND,2009,1781.15703614674
Croatia,HRV,2009,14475.9632928725
Republic of Ireland,IRL,2009,52133.0909237885
Iran,IRN,2009,5415.52280554144
Iceland,ISL,2009,41301.273219718
Italy,ITA,2009,37099.6133958219
Jamaica,JAM,2009,4428.38153333557
Japan,JPN,2009,41308.9968370512
South Korea,KOR,2009,19143.8516053025
Morocco,MAR,2009,3119.58862304688
Mexico,MEX,2009,8423.56933214711
Nigeria,NGA,2009,1820.48633854782
Netherlands,NLD,2009,53172.0261581418
Norway,NOR,2009,80347.5700665184
New Zealand,NZL,2009,28276.7255416225
Panama,PAN,2009,7796.92617035048
Peru,PER,2009,4181.18755462253
Poland,POL,2009,11556.3026866026
North Korea,PRK,2009,
Portugal,PRT,2009,23151.2154130712
Paraguay,PRY,2009,3941.84815479271
Qatar,QAT,2009,60785.7351551657
Romania,ROU,2009,8548.4543409242
Russia,RUS,2009,8562.82421875
Saudi Arabia,SAU,2009,17718.3911648365
Senegal,SEN,2009,1308.69404336205
Serbia,SRB,2009,6414.0448463847
Slovakia,SVK,2009,16586.7527805228
Slovenia,SVN,2009,24501.7897290425
Sweden,SWE,2009,46707.8673215418
Togo,TGO,2009,720.694168794129
Trinidad and Tobago,TTO,2009,14634.0565003912
Tunisia,TUN,2009,4080.09032448781
Turkey,TUR,2009,9012.99945793034
Ukraine,UKR,2009,2607.08764648438
Uruguay,URY,2009,9881.39573127081
United States,USA,2009,47194.9500893872
South Africa,ZAF,2009,6374.70560042992
Angola,AGO,2010,3597.34293216332
Argentina,ARG,2010,10260.1313108254
Australia,AUS,2010,52144.6654705468
Austria,AUT,2010,46611.1393420232
Belgium,BEL,2010,44197.393671162
Bulgaria,BGR,2010,6853.94805511171
Bosnia and Herzegovina,BIH,2010,4506.47828548389
Bolivia,BOL,2010,1929.78373077158
Brazil,BRA,2010,11403.2821278747
Canada,CAN,2010,47560.6666009406
Switzerland,CHE,2010,76531.3728182297
Chile,CHL,2010,12632.8704724192
China PR,CHN,2010,4629.24551710077
Ivory Coast,CIV,2010,1553.54887048143
Cameroon,CMR,2010,1398.58702025047
Colombia,COL,2010,6398.2958447102
Costa Rica,CRI,2010,8265.78820275899
Czech Republic,CZE,2010,20160.4355077059
Germany,DEU,2010,42409.9356994694
Denmark,DNK,2010,58104.5445594981
Algeria,DZA,2010,4912.78585503672
Ecuador,ECU,2010,4520.30959039763
Egypt,EGY,2010,2455.08194645282
Spain,ESP,2010,30658.7422282912
France,FRA,2010,40694.8211697025
Ghana,GHA,2010,1263.89251760539
Greece,GRC,2010,26653.0488008626
Honduras,HND,2010,1893.32722662035
Croatia,HRV,2010,13731.2865213989
Republic of Ireland,IRL,2010,48679.4026820361
Iran,IRN,2010,6291.19443652344
Iceland,ISL,2010,43237.0729488958
Italy,ITA,2010,35856.8625485539
Jamaica,JAM,2010,4809.977380312
Japan,JPN,2010,44968.1562349739
South Korea,KOR,2010,23079.2601257735
Morocco,MAR,2010,3067.9853515625
Mexico,MEX,2010,9728.80078237782
Nigeria,NGA,2010,2202.25672957344
Netherlands,NLD,2010,51305.7338533973
Norway,NOR,2010,88163.2085931423
New Zealand,NZL,2010,33761.9009639947
Panama,PAN,2010,8331.46421351868
Peru,PER,2010,5072.11494019615
Poland,POL,2010,12567.7317676382
North Korea,PRK,2010,
Portugal,PRT,2010,22551.935098809
Paraguay,PRY,2010,4750.96273669322
Qatar,QAT,2010,77387.3267885308
Romania,ROU,2010,8399.5374234284
Russia,RUS,2010,10674.990234375
Saudi Arabia,SAU,2010,22028.3901426586
Senegal,SEN,2010,1275.88357492357
Serbia,SRB,2010,5970.92660940072
Slovakia,SVK,2010,16899.448680529
Slovenia,SVN,2010,23329.8417691156
Sweden,SWE,2010,52542.8274141037
Togo,TGO,2010,704.987164181378
Trinidad and Tobago,TTO,2010,16815.424737361
Tunisia,TUN,2010,4291.86120891575
Turkey,TUR,2010,10622.7020439723
Ukraine,UKR,2010,3039.63232421875
Uruguay,URY,2010,12641.0576849008
United States,USA,2010,48642.6312088213
South Africa,ZAF,2010,7973.47195771517
Angola,AGO,2011,4615.91059831778
Argentina,ARG,2011,12704.2831819684
Australia,AUS,2011,62605.600458306
Austria,AUT,2011,51116.8953522042
Belgium,BEL,2011,47760.8298776546
Bulgaria,BGR,2011,7849.58061302818
Bosnia and Herzegovina,BIH,2011,4982.69375768263
Bolivia,BOL,2011,2315.52121930607
Brazil,BRA,2011,13396.6243562986
Canada,CAN,2011,52223.8588398531
Switzerland,CHE,2011,90476.7589651577
Chile,CHL,2011,14487.3927832032
China PR,CHN,2011,5703.76027973346
Ivory Coast,CIV,2011,1596.62826565998
Cameroon,CMR,2011,1513.96056994878
Colombia,COL,2011,7400.9940695669
Costa Rica,CRI,2011,9276.39107510528
Czech Republic,CZE,2011,22049.1080788682
Germany,DEU,2011,47646.582043143
Denmark,DNK,2011,61809.737898222
Algeria,DZA,2011,5916.31364364343
Ecuador,ECU,2011,5153.6916424375
Egypt,EGY,2011,2590.64384891965
Spain,ESP,2011,31824.6219134777
France,FRA,2011,43929.7840873812
Ghana,GHA,2011,1507.43573198753
Greece,GRC,2011,25504.7866510124
Honduras,HND,2011,2073.66121088074
Croatia,HRV,2011,14694.9993201417
Republic of Ireland,IRL,2011,52692.7813135606
Iran,IRN,2011,8025.68743364356
Iceland,ISL,2011,47714.5922308485
Italy,ITA,2011,38432.3742820019
Jamaica,JAM,2011,5232.63644918132
Japan,JPN,2011,48760.0789494211
South Korea,KOR,2011,25097.595426845
Morocco,MAR,2011,3301.98876953125
Mexico,MEX,2011,10664.4944046282
Nigeria,NGA,2011,2418.41316975875
Netherlands,NLD,2011,54701.7728030611
Norway,NOR,2011,101221.813476644
New Zealand,NZL,2011,38431.7766788499
Panama,PAN,2011,9662.29592216607
Peru,PER,2011,5861.35793645245
Poland,POL,2011,13867.6669408192
North Korea,PRK,2011,
Portugal,PRT,2011,23246.5425416481
Paraguay,PRY,2011,5805.40154543044
Qatar,QAT,2011,103261.506539346
Romania,ROU,2011,9560.6755277458
Russia,RUS,2011,14305.33203125
Saudi Arabia,SAU,2011,27126.7498747702
Senegal,SEN,2011,1374.67591873844
Serbia,SRB,2011,7082.2861666075
Slovakia,SVK,2011,18469.4354316836
Slovenia,SVN,2011,24940.6284841605
Sweden,SWE,2011,60379.7748160321
Togo,TGO,2011,783.989380490906
Trinidad and Tobago,TTO,2011,19151.0870229722
Tunisia,TUN,2011,4420.64772206537
Turkey,TUR,2011,11300.7852215681
Ukraine,UKR,2011,3656.69799804688
Uruguay,URY,2011,15132.2675725587
United States,USA,2011,50024.8812320773
South Africa,ZAF,2011,8646.05571071635
Angola,AGO,2012,5086.02740086376
Argentina,ARG,2012,12949.717486654
Australia,AUS,2012,68072.8732340801
Austria,AUT,2012,48250.4059142637
Belgium,BEL,2012,44874.1709182123
Bulgaria,BGR,2012,7431.95789508871
Bosnia and Herzegovina,BIH,2012,4693.78899115381
Bolivia,BOL,2012,2575.59857098084
Brazil,BRA,2012,12521.7213519966
Canada,CAN,2012,52670.3447335415
Switzerland,CHE,2012,85836.2076767359
Chile,CHL,2012,15241.9069981119
China PR,CHN,2012,6405.0574241349
Ivory Coast,CIV,2012,1546.9460184731
Cameroon,CMR,2012,1449.09874362279
Colombia,COL,2012,8108.59838244229
Costa Rica,CRI,2012,10126.999102414
Czech Republic,CZE,2012,20014.0354015165
Germany,DEU,2012,44735.5882319701
Denmark,DNK,2012,58443.7747103968
Algeria,DZA,2012,6033.64884689543
Ecuador,ECU,2012,5634.08393191094
Egypt,EGY,2012,2996.0677072015
Spain,ESP,2012,28456.4438151477
France,FRA,2012,40863.5814412333
Ghana,GHA,2012,1543.77524235764
Greece,GRC,2012,21624.346052551
Honduras,HND,2012,2126.03474686503
Croatia,HRV,2012,13508.6836989693
Republic of Ireland,IRL,2012,49411.7387476787
Iran,IRN,2012,8114.08099831877
Iceland,ISL,2012,45995.5478789467
Italy,ITA,2012,34854.3949441965
Jamaica,JAM,2012,5340.83333232158
Japan,JPN,2012,49145.2804308193
South Korea,KOR,2012,25459.1689000965
Morocco,MAR,2012,3164.17724609375
Mexico,MEX,2012,10744.1335229686
Nigeria,NGA,2012,2633.19734671361
Netherlands,NLD,2012,50473.9442002689
Norway,NOR,2012,102175.919298374
New Zealand,NZL,2012,40053.6991536369
Panama,PAN,2012,11064.8063606203
Peru,PER,2012,6519.37852981527
Poland,POL,2012,13087.420943321
North Korea,PRK,2012,
Portugal,PRT,2012,20593.4274224109
Paraguay,PRY,2012,5642.1699167298
Qatar,QAT,2012,108470.378825036
Romania,ROU,2012,8929.95366231474
Russia,RUS,2012,15401.8515625
Saudi Arabia,SAU,2012,28733.4375513452
Senegal,SEN,2012,1326.83798848379
Serbia,SRB,2012,6263.04086072815
Slovakia,SVK,2012,17516.9691054078
Slovenia,SVN,2012,22442.1417859955
Sweden,SWE,2012,57749.8251328664
Togo,TGO,2012,762.392047587088
Trinidad and Tobago,TTO,2012,20332.1389531925
Tunisia,TUN,2012,4297.26782454273
Turkey,TUR,2012,11713.2849831139
Ukraine,UKR,2012,3951.34228515625
Uruguay,URY,2012,16259.5940814256
United States,USA,2012,51708.3940614082
South Africa,ZAF,2012,8076.97678479741
Angola,AGO,2013,5057.74787833163
Argentina,ARG,2013,12963.675773326
Australia,AUS,2013,68190.7010035651
Austria,AUT,2013,50305.3545774973
Belgium,BEL,2013,46964.5946777056
Bulgaria,BGR,2013,7795.98092108928
Bosnia and Herzegovina,BIH,2013,5034.56616016469
Bolivia,BOL,2013,2870.02377000756
Brazil,BRA,2013,12458.8912138813
Canada,CAN,2013,52638.1187235237
Switzerland,CHE,2013,87304.3305813557
Chile,CHL,2013,15683.5486369155
China PR,CHN,2013,7147.03518622344
Ivory Coast,CIV,2013,1786.15862031324
Cameroon,CMR,2013,1575.92882118897
Colombia,COL,2013,8279.10255642981
Costa Rica,CRI,2013,10803.2401961972
Czech Republic,CZE,2013,20260.4954999375
Germany,DEU,2013,47220.0102098851
Denmark,DNK,2013,61377.5940590412
Algeria,DZA,2013,5979.60138960585
Ecuador,ECU,2013,6109.29031510341
Egypt,EGY,2013,3025.52563552448
Spain,ESP,2013,29228.846559842
France,FRA,2013,42669.1795111893
Ghana,GHA,2013,2294.79584693743
Greece,GRC,2013,21573.3449762805
Honduras,HND,2013,2081.12843527945
Croatia,HRV,2013,14136.3967669505
Republic of Ireland,IRL,2013,52619.2123745817
Iran,IRN,2013,6222.74194840326
Iceland,ISL,2013,49804.9829978371
Italy,ITA,2013,35701.6746002376
Jamaica,JAM,2013,5124.21301411137
Japan,JPN,2013,40898.6478964744
South Korea,KOR,2013,27179.5170146052
Morocco,MAR,2013,3379.7431640625
Mexico,MEX,2013,11216.800851866
Nigeria,NGA,2013,2872.79083379398
Netherlands,NLD,2013,52602.2860520766
Norway,NOR,2013,103553.840134417
New Zealand,NZL,2013,43000.4646849189
Panama,PAN,2013,12273.3225037637
Peru,PER,2013,6746.80025696601
Poland,POL,2013,13621.9023794031
North Korea,PRK,2013,
Portugal,PRT,2013,21676.4859642714
Paraguay,PRY,2013,6435.68342733182
Qatar,QAT,2013,103697.008372373
Romania,ROU,2013,9497.67411615237
Russia,RUS,2013,15941.4482421875
Saudi Arabia,SAU,2013,27865.465604962
Senegal,SEN,2013,1379.83196553924
Serbia,SRB,2013,7040.41812068781
Slovakia,SVK,2013,18312.7805149823
Slovenia,SVN,2013,23236.9655321695
Sweden,SWE,2013,60844.2767113975
Togo,TGO,2013,826.543259457126
Trinidad and Tobago,TTO,2013,21304.9776454565
Tunisia,TUN,2013,4369.79345826358
Turkey,TUR,2013,12578.1878632
Ukraine,UKR,2013,4129.89697265625
Uruguay,URY,2013,18335.2594772322
United States,USA,2013,53297.3862901595
South Africa,ZAF,2013,7331.65467384919
Angola,AGO,2014,5005.9997412707
Argentina,ARG,2014,12233.1444119186
Australia,AUS,2014,62544.0873773726
Austria,AUT,2014,51314.9722616322
Belgium,BEL,2014,47995.7786961339
Bulgaria,BGR,2014,8069.60005667684
Bosnia and Herzegovina,BIH,2014,5206.06558252
Bolivia,BOL,2014,3041.43503162408
Brazil,BRA,2014,12274.9939689363
Canada,CAN,2014,50960.8431174661
Switzerland,CHE,2014,88724.9910735609
Chile,CHL,2014,14529.6767206336
China PR,CHN,2014,7781.06597484974
Ivory Coast,CIV,2014,1991.36539423404
Cameroon,CMR,2014,1649.4433905949
Colombia,COL,2014,8187.20824890084
Costa Rica,CRI,2014,10911.4978783227
Czech Republic,CZE,2014,20038.4163180257
Germany,DEU,2014,48971.0824722599
Denmark,DNK,2014,62520.4509747011
Algeria,DZA,2014,6094.69392314956
Ecuador,ECU,2014,6405.79979300441
Egypt,EGY,2014,3133.39102265541
Spain,ESP,2014,29707.765509467
France,FRA,2014,43148.0459288416
Ghana,GHA,2014,1949.90832923846
Greece,GRC,2014,21474.7257123892
Honduras,HND,2014,2179.88171977271
Croatia,HRV,2014,14187.9694531493
Republic of Ireland,IRL,2014,57278.2590911107
Iran,IRN,2014,5672.06372896319
Iceland,ISL,2014,54576.7448146565
Italy,ITA,2014,36028.3494022349
Jamaica,JAM,2014,4975.11325459872
Japan,JPN,2014,38475.3952461838
South Korea,KOR,2014,29252.9312377352
Morocco,MAR,2014,3435.40698242188
Mexico,MEX,2014,11391.3773510244
Nigeria,NGA,2014,3088.72131316169
Netherlands,NLD,2014,53457.2234864322
Norway,NOR,2014,97666.6951838749
New Zealand,NZL,2014,44618.266973847
Panama,PAN,2014,13213.1989637473
Peru,PER,2014,6667.13410360861
Poland,POL,2014,14262.2841914116
North Korea,PRK,2014,
Portugal,PRT,2014,22120.6850127107
Paraguay,PRY,2014,6652.25478942291
Qatar,QAT,2014,95840.6310094498
Romania,ROU,2014,10031.7710755404
Russia,RUS,2014,14055.47265625
Saudi Arabia,SAU,2014,27805.4850319422
Senegal,SEN,2014,1398.89137601382
Serbia,SRB,2014,6886.67809068704
Slovakia,SVK,2014,18770.9289896545
Slovenia,SVN,2014,24013.0682060959
Sweden,SWE,2014,59583.7140001673
Togo,TGO,2014,855.585284856656
Trinidad and Tobago,TTO,2014,21908.3017802988
Tunisia,TUN,2014,4458.97895464547
Turkey,TUR,2014,12165.220135038
Ukraine,UKR,2014,3054.908203125
Uruguay,URY,2014,18322.4276767157
United States,USA,2014,55153.3940182967
South Africa,ZAF,2014,6856.73137092522
Angola,AGO,2015,3213.90261080059
Argentina,ARG,2015,13679.6264980954
Australia,AUS,2015,56739.0265346593
Austria,AUT,2015,43915.228020857
Belgium,BEL,2015,40893.804537772
Bulgaria,BGR,2015,7268.65445473873
Bosnia and Herzegovina,BIH,2015,4662.25883724069
Bolivia,BOL,2015,2996.01289811344
Brazil,BRA,2015,8936.19661712113
Canada,CAN,2015,43594.1941045394
Switzerland,CHE,2015,83806.4476003837
Chile,CHL,2015,13433.9202987032
China PR,CHN,2015,8175.33285077393
Ivory Coast,CIV,2015,1814.71855088017
Cameroon,CMR,2015,1415.00009710569
Colombia,COL,2015,6248.51490534512
Costa Rica,CRI,2015,11714.7105980803
Czech Republic,CZE,2015,17931.5987670768
Germany,DEU,2015,41911.0109851054
Denmark,DNK,2015,53094.0133607574
Algeria,DZA,2015,4685.05902729002
Ecuador,ECU,2015,5976.1596805651
Egypt,EGY,2015,3306.98159414141
Spain,ESP,2015,25982.4416197775
France,FRA,2015,36702.4323733379
Ghana,GHA,2015,1722.77282833606
Greece,GRC,2015,17980.7298238137
Honduras,HND,2015,2271.20265980349
Croatia,HRV,2015,12285.3032582105
Republic of Ireland,IRL,2015,64311.8234684057
Iran,IRN,2015,4952.73355532178
Iceland,ISL,2015,52951.6815110898
Italy,ITA,2015,30639.8829751432
Jamaica,JAM,2015,5062.8955502426
Japan,JPN,2015,34960.6393843385
South Korea,KOR,2015,28737.4391706499
Morocco,MAR,2015,3146.24780273438
Mexico,MEX,2015,10021.2386124039
Nigeria,NGA,2015,2585.73360671797
Netherlands,NLD,2015,45793.8135434697
Norway,NOR,2015,74809.9658049898
New Zealand,NZL,2015,38665.3723018158
Panama,PAN,2015,14082.6548502728
Peru,PER,2015,6231.71150338894
Poland,POL,2015,12637.5220324406
North Korea,PRK,2015,
Portugal,PRT,2015,19215.7813014347
Paraguay,PRY,2015,5879.33792308671
Qatar,QAT,2015,68985.2946961507
Romania,ROU,2015,8977.01748158196
Russia,RUS,2015,9277.7138671875
Saudi Arabia,SAU,2015,23256.1549553531
Senegal,SEN,2015,1218.00613555438
Serbia,SRB,2015,5820.3215576888
Slovakia,SVK,2015,16442.0760860018
Slovenia,SVN,2015,20697.2748530619
Sweden,SWE,2015,51197.9529341175
Togo,TGO,2015,751.052405084336
Trinidad and Tobago,TTO,2015,19887.2337359338
Tunisia,TUN,2015,4014.94773686432
Turkey,TUR,2015,11049.9951100942
Ukraine,UKR,2015,2094.47387695313
Uruguay,URY,2015,17125.9016800298
United States,USA,2015,56849.4697923159
South Africa,ZAF,2015,6112.27382485974
Angola,AGO,2016,1807.95294072643
Argentina,ARG,2016,12699.9623137756
Australia,AUS,2016,49888.0410842736
Austria,AUT,2016,45061.4993920192
Belgium,BEL,2016,41854.5498296444
Bulgaria,BGR,2016,7822.49923292968
Bosnia and Herzegovina,BIH,2016,4928.5665251728
Bolivia,BOL,2016,3035.87347732132
Brazil,BRA,2016,8836.28652735657
Canada,CAN,2016,42314.0615817218
Switzerland,CHE,2016,82153.0745447889
Chile,CHL,2016,13649.8520452803
China PR,CHN,2016,8254.86859320357
Ivory Coast,CIV,2016,1862.59597081287
Cameroon,CMR,2016,1441.7201725688
Colombia,COL,2016,5959.84250367574
Costa Rica,CRI,2016,12091.0301606335
Czech Republic,CZE,2016,18753.9686718096
Germany,DEU,2016,42961.0356905775
Denmark,DNK,2016,54500.9260410217
Algeria,DZA,2016,4424.98529027556
Ecuador,ECU,2016,5917.63771271481
Egypt,EGY,2016,3270.6287768197
Spain,ESP,2016,26755.6061149398
France,FRA,2016,37024.2157133669
Ghana,GHA,2016,1912.47991339951
Greece,GRC,2016,17919.2426377048
Honduras,HND,2016,2307.34468351082
Croatia,HRV,2016,12821.1738140304
Republic of Ireland,IRL,2016,64192.9418053178
Iran,IRN,2016,5477.03712389913
Iceland,ISL,2016,61987.9263620283
Italy,ITA,2016,31391.5692898108
Jamaica,JAM,2016,5009.79448724295
Japan,JPN,2016,39375.4731620781
South Korea,KOR,2016,29280.4403170048
Morocco,MAR,2016,3140.85546875
Mexico,MEX,2016,9097.92397674769
Nigeria,NGA,2016,2070.4127339595
Netherlands,NLD,2016,46808.5291492503
Norway,NOR,2016,70867.3609970749
New Zealand,NZL,2016,40113.7195382428
Panama,PAN,2016,14832.3611608191
Peru,PER,2016,6217.03599995447
Poland,POL,2016,12464.0121044827
North Korea,PRK,2016,
Portugal,PRT,2016,19980.2808866516
Paraguay,PRY,2016,5775.1596339946
Qatar,QAT,2016,61253.6375482797
Romania,ROU,2016,9404.54005870715
Russia,RUS,2016,8663.158203125
Saudi Arabia,SAU,2016,22267.7217050387
Senegal,SEN,2016,1266.43957151587
Serbia,SRB,2016,5982.37030126471
Slovakia,SVK,2016,16636.0769133073
Slovenia,SVN,2016,21447.8377796036
Sweden,SWE,2016,51820.3972482676
Togo,TGO,2016,772.581787093976
Trinidad and Tobago,TTO,2016,17449.1623528186
Tunisia,TUN,2016,3847.80354448809
Turkey,TUR,2016,10970.0458948862
Ukraine,UKR,2016,2158.46118164063
Uruguay,URY,2016,17009.7584207276
United States,USA,2016,57976.628204291
South Africa,ZAF,2016,5651.20585165749
Angola,AGO,2017,2437.25971190821
Argentina,ARG,2017,14532.5009308511
Australia,AUS,2017,53901.7145392154
Austria,AUT,2017,47163.7425775142
Belgium,BEL,2017,44035.3239358548
Bulgaria,BGR,2017,8696.68930427924
Bosnia and Herzegovina,BIH,2017,5345.01985489192
Bolivia,BOL,2017,3306.30301224425
Brazil,BRA,2017,10080.5092819305
Canada,CAN,2017,45129.628116623
Switzerland,CHE,2017,82254.3770471336
Chile,CHL,2017,14879.9086227187
China PR,CHN,2017,8979.67652709856
Ivory Coast,CIV,2017,1964.29930338343
Cameroon,CMR,2017,1496.08951771242
Colombia,COL,2017,6479.53231292429
Costa Rica,CRI,2017,12317.0902771322
Czech Republic,CZE,2017,20913.197632212
Germany,DEU,2017,45526.5999576533
Denmark,DNK,2017,57521.5514992225
Algeria,DZA,2017,4554.66753957828
Ecuador,ECU,2017,6233.32244797718
Egypt,EGY,2017,2395.10333299491
Spain,ESP,2017,28381.3425596906
France,FRA,2017,38687.1626407164
Ghana,GHA,2017,2012.28662641265
Greece,GRC,2017,18631.9930129293
Honduras,HND,2017,2413.0076562942
Croatia,HRV,2017,13902.6310485422
Republic of Ireland,IRL,2017,72198.1076995377
Iran,IRN,2017,5753.11544659399
Iceland,ISL,2017,72010.1490316258
Italy,ITA,2017,32844.115660604
Jamaica,JAM,2017,5259.31332766957
Japan,JPN,2017,38834.0529341227
South Korea,KOR,2017,31600.7358741365
Morocco,MAR,2017,3296.52661132813
Mexico,MEX,2017,9649.27816772402
Nigeria,NGA,2017,1876.34027111773
Netherlands,NLD,2017,49513.6817346384
Norway,NOR,2017,76131.8384032764
New Zealand,NZL,2017,42950.3841711138
Panama,PAN,2017,15694.6297454295
Peru,PER,2017,6736.16693725487
Poland,POL,2017,13913.3415190124
North Korea,PRK,2017,
Portugal,PRT,2017,21442.3842768879
Paraguay,PRY,2017,6152.26711537703
Qatar,QAT,2017,63279.8556949332
Romania,ROU,2017,10727.9822007426
Russia,RUS,2017,10658.9130859375
Saudi Arabia,SAU,2017,23929.2907135982
Senegal,SEN,2017,1356.80518449031
Serbia,SRB,2017,6548.03653824187
Slovakia,SVK,2017,17645.5298716761
Slovenia,SVN,2017,23303.077705959
Sweden,SWE,2017,53300.8587281785
Togo,TGO,2017,792.765487219069
Trinidad and Tobago,TTO,2017,17578.6417765865
Tunisia,TUN,2017,3619.03247319953
Turkey,TUR,2017,10695.550196231
Ukraine,UKR,2017,2604.28759765625
Uruguay,URY,2017,19184.6502617082
United States,USA,2017,60047.7190728307
South Africa,ZAF,2017,6618.33508255701
Angola,AGO,2018,2538.59139143371
Argentina,ARG,2018,11752.7998922979
Australia,AUS,2018,57196.4220783778
Austria,AUT,2018,51194.0749841299
Belgium,BEL,2018,47487.2100392561
Bulgaria,BGR,2018,9872.38507789106
Bosnia and Herzegovina,BIH,2018,6047.84584261133
Bolivia,BOL,2018,3500.72642189887
Brazil,BRA,2018,9300.66164923219
Canada,CAN,2018,46539.1761570405
Switzerland,CHE,2018,85217.3691512274
Chile,CHL,2018,15659.4808675628
China PR,CHN,2018,10085.6638148819
Ivory Coast,CIV,2018,2130.86619381144
Cameroon,CMR,2018,1610.69641591017
Colombia,COL,2018,6816.96818309544
Costa Rica,CRI,2018,12590.2493781628
Czech Republic,CZE,2018,23705.9329811299
Germany,DEU,2018,48874.8595028454
Denmark,DNK,2018,61324.7665045565
Algeria,DZA,2018,4577.21029180491
Ecuador,ECU,2018,6303.91886658338
Egypt,EGY,2018,2484.70315630508
Spain,ESP,2018,30602.4212881113
France,FRA,2018,41418.1766484844
Ghana,GHA,2018,2195.32166016377
Greece,GRC,2018,19873.4015238771
Honduras,HND,2018,2464.64241531918
Croatia,HRV,2018,15460.4183295843
Republic of Ireland,IRL,2018,80738.9628834696
Iran,IRN,2018,4631.78709016514
Iceland,ISL,2018,74452.1890731447
Italy,ITA,2018,34904.1081923834
Jamaica,JAM,2018,5578.10347525832
Japan,JPN,2018,39751.1330982711
South Korea,KOR,2018,33447.1562836166
Morocco,MAR,2018,3501.69799804688
Mexico,MEX,2018,10084.7937553679
Nigeria,NGA,2018,2057.87944554011
Netherlands,NLD,2018,53955.0770024266
Norway,NOR,2018,82792.8427113304
New Zealand,NZL,2018,43257.0769238879
Panama,PAN,2018,16151.3273478476
Peru,PER,2018,6978.49121548627
Poland,POL,2018,15658.210586693
North Korea,PRK,2018,
Portugal,PRT,2018,23541.1401075289
Paraguay,PRY,2018,6258.44991640954
Qatar,QAT,2018,71039.8490579352
Romania,ROU,2018,12502.2624061935
Russia,RUS,2018,11211.8876953125
Saudi Arabia,SAU,2018,29360.0658968566
Senegal,SEN,2018,1452.55612562445
Serbia,SRB,2018,7559.86165747394
Slovakia,SVK,2018,19573.3717031314
Slovenia,SVN,2018,25888.0481065655
Sweden,SWE,2018,54181.9069780904
Togo,TGO,2018,851.130806891807
Trinidad and Tobago,TTO,2018,17575.8042838042
Tunisia,TUN,2018,3628.10366464236
Turkey,TUR,2018,9568.83506330228
Ukraine,UKR,2018,3059.0517578125
Uruguay,URY,2018,19249.9404677501
United States,USA,2018,62875.6661382728
South Africa,ZAF,2018,6914.1780318076
Angola,AGO,2019,2189.85571407618
Argentina,ARG,2019,9955.97478680428
Australia,AUS,2019,54972.7017885437
Austria,AUT,2019,49885.9947355204
Belgium,BEL,2019,46716.6227467964
Bulgaria,BGR,2019,10372.8044341114
Bosnia and Herzegovina,BIH,2019,6122.3753450882
Bolivia,BOL,2019,3503.89601123129
Brazil,BRA,2019,9029.83326681073
Canada,CAN,2019,46352.8693445211
Switzerland,CHE,2019,84121.9310304414
Chile,CHL,2019,14495.716721687
China PR,CHN,2019,10342.9009524335
Ivory Coast,CIV,2019,2141.76836170115
Cameroon,CMR,2019,1555.22660476477
Colombia,COL,2019,6472.54544924705
Costa Rica,CRI,2019,12884.6859951947
Czech Republic,CZE,2019,24062.7190013343
Germany,DEU,2019,47623.8656074829
Denmark,DNK,2019,59404.2663247723
Algeria,DZA,2019,4468.45341883656
Ecuador,ECU,2019,6205.05765246766
Egypt,EGY,2019,2962.98892023003
Spain,ESP,2019,29786.5245689007
France,FRA,2019,40408.2848574751
Ghana,GHA,2019,2186.65822682613
Greece,GRC,2019,19335.3602002969
Honduras,HND,2019,2502.32744328073
Croatia,HRV,2019,15563.8167397199
Republic of Ireland,IRL,2019,81810.1926481407
Iran,IRN,2019,3831.27894763337
Iceland,ISL,2019,68452.23622306
Italy,ITA,2019,33812.788724868
Jamaica,JAM,2019,5607.24299266608
Japan,JPN,2019,40415.9567649547
South Korea,KOR,2019,31902.4169048194
Morocco,MAR,2019,3508.09765625
Mexico,MEX,2019,10369.5553585271
Nigeria,NGA,2019,2265.15520863056
Netherlands,NLD,2019,53554.9007491475
Norway,NOR,2019,76430.5889473338
New Zealand,NZL,2019,42779.2298164101
Panama,PAN,2019,16477.9066285687
Peru,PER,2019,7037.00803692604
Poland,POL,2019,15874.5220531254
North Korea,PRK,2019,
Portugal,PRT,2019,23343.3628970034
Paraguay,PRY,2019,5821.18199548637
Qatar,QAT,2019,66841.3013484919
Romania,ROU,2019,12992.0326104674
Russia,RUS,2019,11447.701171875
Saudi Arabia,SAU,2019,29566.7933827436
Senegal,SEN,2019,1431.18128932159
Serbia,SRB,2019,7755.632986437
Slovakia,SVK,2019,19406.0589683582
Slovenia,SVN,2019,25814.1687167572
Sweden,SWE,2019,51773.0464558993
Togo,TGO,2019,826.260654099894
Trinidad and Tobago,TTO,2019,17293.4730123427
Tunisia,TUN,2019,3528.87213306798
Turkey,TUR,2019,9215.44049888114
Ukraine,UKR,2019,3619.86157226563
Uruguay,URY,2019,18315.7316980028
United States,USA,2019,65227.9565911038
South Africa,ZAF,2019,6533.71121032856
Angola,AGO,2020,1449.92286669308
Argentina,ARG,2020,8535.59938004389
Australia,AUS,2020,51791.540179984
Austria,AUT,2020,48716.4098900349
Belgium,BEL,2020,45906.2875805246
Bulgaria,BGR,2020,10769.9475699414
Bosnia and Herzegovina,BIH,2020,6130.31133245161
Bolivia,BOL,2020,3099.94219053514
Brazil,BRA,2020,7074.19378337644
Canada,CAN,2020,43537.839298904
Switzerland,CHE,2020,85897.7843338323
Chile,CHL,2020,13114.815470545
China PR,CHN,2020,10627.4637989619
Ivory Coast,CIV,2020,2179.72934832935
Cameroon,CMR,2020,1555.60370660749
Colombia,COL,2020,5339.68711357943
Costa Rica,CRI,2020,12394.0493969354
Czech Republic,CZE,2020,23472.8915454417
Germany,DEU,2020,47379.765194548
Denmark,DNK,2020,60985.4885601514
Algeria,DZA,2020,3743.5419522929
Ecuador,ECU,2020,5463.64515348598
Egypt,EGY,2020,3511.11381026379
Spain,ESP,2020,27233.9426461608
France,FRA,2020,39169.8606000707
Ghana,GHA,2020,2195.45481659987
Greece,GRC,2020,17886.733165236
Honduras,HND,2020,2307.61494319511
Croatia,HRV,2020,14808.4620188819
Republic of Ireland,IRL,2020,86622.5067251295
Iran,IRN,2020,2988.78122414716
Iceland,ISL,2020,59023.5663465778
Italy,ITA,2020,32091.4866621366
Jamaica,JAM,2020,4879.44025773374
Japan,JPN,2020,40028.7341726762
South Korea,KOR,2020,31721.2989141857
Morocco,MAR,2020,3268.0302734375
Mexico,MEX,2020,8841.2707511328
Nigeria,NGA,2020,2019.65706326224
Netherlands,NLD,2020,53467.9277413737
Norway,NOR,2020,68340.0181033702
New Zealand,NZL,2020,41850.92032802
Panama,PAN,2020,13290.5608347594
Peru,PER,2020,6133.32552410183
Poland,POL,2020,16150.9291009726
North Korea,PRK,2020,
Portugal,PRT,2020,22299.4044062173
Paraguay,PRY,2020,5365.47220721191
Qatar,QAT,2020,51683.5054376677
Romania,ROU,2020,13082.3006559554
Russia,RUS,2020,10108.3271484375
Saudi Arabia,SAU,2020,24338.8307301067
Senegal,SEN,2020,1461.08720350553
Serbia,SRB,2020,8098.70955668849
Slovakia,SVK,2020,19735.4858280801
Slovenia,SVN,2020,25392.0651093612
Sweden,SWE,2020,52653.7565934247
Togo,TGO,2020,853.578220263722
Trinidad and Tobago,TTO,2020,15358.8612973066
Tunisia,TUN,2020,3548.65363663803
Turkey,TUR,2020,8638.73903848102
Ukraine,UKR,2020,3709.76928710938
Uruguay,URY,2020,15757.5355995779
United States,USA,2020,64401.5074354212
South Africa,ZAF,2020,5580.60383075189
Angola,AGO,2021,1925.87466082167
Argentina,ARG,2021,10738.0179223384
Australia,AUS,2021,60607.7788605166
Austria,AUT,2021,53648.7190742245
Belgium,BEL,2021,51658.238294958
Bulgaria,BGR,2021,12972.2173356002
Bosnia and Herzegovina,BIH,2021,7295.3438240957
Bolivia,BOL,2021,3384.84486462654
Brazil,BRA,2021,7972.5366498646
Canada,CAN,2021,52886.6616372703
Switzerland,CHE,2021,93664.7736696111
Chile,CHL,2021,16206.8325493421
China PR,CHN,2021,12887.4357242941
Ivory Coast,CIV,2021,2455.98127626488
Cameroon,CMR,2021,1672.32657340872
Colombia,COL,2021,6222.62164397614
Costa Rica,CRI,2021,12838.1185359009
Czech Republic,CZE,2021,27696.4619527544
Germany,DEU,2021,52265.6541620571
Denmark,DNK,2021,69727.9873677012
Algeria,DZA,2021,4160.55926736925
Ecuador,ECU,2021,6061.32350181711
Egypt,EGY,2021,3827.35415374308
Spain,ESP,2021,30799.4775937775
France,FRA,2021,43725.0999521245
Ghana,GHA,2021,2445.18662529344
Greece,GRC,2021,20654.7001960815
Honduras,HND,2021,2735.14751503977
Croatia,HRV,2021,17789.9304736722
Republic of Ireland,IRL,2021,103961.976350649
Iran,IRN,2021,4334.79268631354
Iceland,ISL,2021,69178.4046960961
Italy,ITA,2021,36852.5425414951
Jamaica,JAM,2021,5165.33782130331
Japan,JPN,2021,40094.5599795288
South Korea,KOR,2021,35125.5224984723
Morocco,MAR,2021,3785.93627929688
Mexico,MEX,2021,10314.0506725979
Nigeria,NGA,2021,2017.27486481527
Netherlands,NLD,2021,60141.9880911492
Norway,NOR,2021,93072.8925119571
New Zealand,NZL,2021,49689.498134519
Panama,PAN,2021,15509.8069109784
Peru,PER,2021,6826.20255614477
Poland,POL,2021,18635.5088812509
North Korea,PRK,2021,
Portugal,PRT,2021,24711.4510062111
Paraguay,PRY,2021,5976.9317978996
Qatar,QAT,2021,71751.8831257169
Romania,ROU,2021,14986.7854904274
Russia,RUS,2021,12425.029296875
Saudi Arabia,SAU,2021,31920.7653655643
Senegal,SEN,2021,1598.10676952274
Serbia,SRB,2021,9680.52798074468
Slovakia,SVK,2021,22132.4483028948
Slovenia,SVN,2021,29187.369382785
Sweden,SWE,2021,61174.9680215622
Togo,TGO,2021,939.613373786407
Trinidad and Tobago,TTO,2021,17679.1812561341
Tunisia,TUN,2021,3906.93926319391
Turkey,TUR,2021,9743.21277804855
Ukraine,UKR,2021,4775.94580078125
Uruguay,URY,2021,17881.818721099
United States,USA,2021,71307.4017277218
South Africa,ZAF,2021,6843.39941886204
Angola,AGO,2022,2929.69445467272
Argentina,ARG,2022,13935.6811110049
Australia,AUS,2022,64997.0136536475
Austria,AUT,2022,52176.6649141178
Belgium,BEL,2022,50822.2518538518
Bulgaria,BGR,2022,13999.6719197289
Bosnia and Herzegovina,BIH,2022,7655.59421024383
Bolivia,BOL,2022,3643.92826984604
Brazil,BRA,2022,9281.33334441234
Canada,CAN,2022,56256.8007264015
Switzerland,CHE,2022,94394.5106803525
Chile,CHL,2022,15405.6165774073
China PR,CHN,2022,12970.6056414327
Ivory Coast,CIV,2022,2333.37128334477
Cameroon,CMR,2022,1604.87726954895
Colombia,COL,2022,6680.44506854481
Costa Rica,CRI,2022,13625.9008491478
Czech Republic,CZE,2022,28282.2236715857
Germany,DEU,2022,49686.1154582583
Denmark,DNK,2022,68091.3191138669
Algeria,DZA,2022,4961.55257664733
Ecuador,ECU,2022,6515.58528418336
Egypt,EGY,2022,4233.30783744856
Spain,ESP,2022,30270.2687017458
France,FRA,2022,41082.8119320747
Ghana,GHA,2022,2229.89122647803
Greece,GRC,2022,20971.8349258283
Honduras,HND,2022,3003.28996826399
Croatia,HRV,2022,18466.0955472648
Republic of Ireland,IRL,2022,105234.511567597
Iran,IRN,2022,4405.09291519791
Iceland,ISL,2022,75121.0152280628
Italy,ITA,2022,35653.9042103495
Jamaica,JAM,2022,6022.15339791763
Japan,JPN,2022,34065.6438962526
South Korea,KOR,2022,32394.6833725203
Morocco,MAR,2022,3455.39624023438
Mexico,MEX,2022,11402.1410374782
Nigeria,NGA,2022,2139.37478476974
Netherlands,NLD,2022,59123.318556487
Norway,NOR,2022,109269.520580298
New Zealand,NZL,2022,48760.0381935936
Panama,PAN,2022,17332.4360742988
Peru,PER,2022,7350.63034300417
Poland,POL,2022,18891.213529396
North Korea,PRK,2022,
Portugal,PRT,2022,24620.519556875
Paraguay,PRY,2022,6205.6259537937
Qatar,QAT,2022,88701.463352273
Romania,ROU,2022,15557.8826247584
Russia,RUS,2022,15619.6142578125
Saudi Arabia,SAU,2022,38510.2276211037
Senegal,SEN,2022,1574.0281059306
Serbia,SRB,2022,10022.9688543402
Slovakia,SVK,2022,21334.6011006572
Slovenia,SVN,2022,28373.8382265999
Sweden,SWE,2022,55296.9371472535
Togo,TGO,2022,898.758154410712
Trinidad and Tobago,TTO,2022,20874.37682915
Tunisia,TUN,2022,3708.8481241036
Turkey,TUR,2022,10674.504157865
Ukraine,UKR,2022,4199.6708984375
Uruguay,URY,2022,20818.6146091144
United States,USA,2022,77860.9112908848
South Africa,ZAF,2022,6523.41097815853
Angola,AGO,2023,2309.53413042773
Argentina,ARG,2023,14187.4827252965
Australia,AUS,2023,64835.9199754535
Austria,AUT,2023,56033.573792065
Belgium,BEL,2023,54690.0942734964
Bulgaria,BGR,2023,15883.8618545581
Bosnia and Herzegovina,BIH,2023,8663.02322987879
Bolivia,BOL,2023,3686.27996442176
Brazil,BRA,2023,10377.5892792557
Canada,CAN,2023,54220.3285039875
Switzerland,CHE,2023,100631.802755125
Chile,CHL,2023,17067.0364799154
China PR,CHN,2023,12951.1782397043
Ivory Coast,CIV,2023,2554.67304885576
Cameroon,CMR,2023,1736.86091073524
Colombia,COL,2023,7000.83660501046
Costa Rica,CRI,2023,16942.0268119304
Czech Republic,CZE,2023,31591.0568216357
Germany,DEU,2023,53940.4073447462
Denmark,DNK,2023,68453.8769281145
Algeria,DZA,2023,5364.02795022731
Ecuador,ECU,2023,6737.84748379638
Egypt,EGY,2023,3456.78968456253
Spain,ESP,2023,33509.0127982139
France,FRA,2023,44690.9345395117
Ghana,GHA,2023,2383.90410483418
Greece,GRC,2023,23400.7278817691
Honduras,HND,2023,3227.45762509776
Croatia,HRV,2023,21865.4562838641
Republic of Ireland,IRL,2023,103887.800388081
Iran,IRN,2023,4465.63766853306
Iceland,ISL,2023,79960.0961535662
Italy,ITA,2023,39065.4244365633
Jamaica,JAM,2023,6839.72502408181
Japan,JPN,2023,33836.1756271617
South Korea,KOR,2023,33121.3712885508
Morocco,MAR,2023,3771.4462890625
Mexico,MEX,2023,13826.1306570122
Nigeria,NGA,2023,1596.63696129001
Netherlands,NLD,2023,64572.0059558854
Norway,NOR,2023,87497.3289297342
New Zealand,NZL,2023,48654.904227478
Panama,PAN,2023,18686.4050961265
Peru,PER,2023,7887.54185920108
Poland,POL,2023,22145.2643088909
North Korea,PRK,2023,
Portugal,PRT,2023,27386.2920595024
Paraguay,PRY,2023,6299.99026533643
Qatar,QAT,2023,80195.8746508549
Romania,ROU,2023,18404.2730871704
Russia,RUS,2023,14159.3876953125
Saudi Arabia,SAU,2023,36156.848337701
Senegal,SEN,2023,1698.03387300843
Serbia,SRB,2023,12281.5058488303
Slovakia,SVK,2023,24673.5482979144
Slovenia,SVN,2023,32610.110922729
Sweden,SWE,2023,55567.0890080496
Togo,TGO,2023,985.697512629974
Trinidad and Tobago,TTO,2023,18639.259241294
Tunisia,TUN,2023,3950.3753419816
Turkey,TUR,2023,13105.6585004778
Ukraine,UKR,2023,5139.59814453125
Uruguay,URY,2023,23019.4221560046
United States,USA,2023,82304.6204272866
South Africa,ZAF,2023,6022.54254192335
Angola,AGO,2024,2122.08368991872
Argentina,ARG,2024,13858.2039802008
Australia,AUS,2024,64407.484256932
Austria,AUT,2024,56833.1960472053
Belgium,BEL,2024,55954.6106261018
Bulgaria,BGR,2024,17412.4115085691
Bosnia and Herzegovina,BIH,2024,8957.37294188215
Bolivia,BOL,2024,4001.21133990795
Brazil,BRA,2024,10280.3148624429
Canada,CAN,2024,54282.6176051733
Switzerland,CHE,2024,103669.872008144
Chile,CHL,2024,16709.8893972307
China PR,CHN,2024,13303.1481543868
Ivory Coast,CIV,2024,2709.89511641252
Cameroon,CMR,2024,1762.3683508844
Colombia,COL,2024,7913.98801464547
Costa Rica,CRI,2024,18587.1532203614
Czech Republic,CZE,2024,31706.6234229743
Germany,DEU,2024,55800.2194549412
Denmark,DNK,2024,71851.7562131368
Algeria,DZA,2024,5631.17999109851
Ecuador,ECU,2024,6874.705739766
Egypt,EGY,2024,3338.47371395895
Spain,ESP,2024,35297.0094995565
France,FRA,2024,46150.4876861593
Ghana,GHA,2024,2405.79466378083
Greece,GRC,2024,24752.1068401681
Honduras,HND,2024,3426.43483328923
Croatia,HRV,2024,23931.4528382746
Republic of Ireland,IRL,2024,107316.337306921
Iran,IRN,2024,4771.40029026226
Iceland,ISL,2024,82703.8579937471
Italy,ITA,2024,40226.0472416173
Jamaica,JAM,2024,7019.74634780454
Japan,JPN,2024,32475.8924992191
South Korea,KOR,2024,33121.3712885508
Morocco,MAR,2024,3993.38745117188
Mexico,MEX,2024,14157.9445835849
Nigeria,NGA,2024,806.945695055244
Netherlands,NLD,2024,68218.7261019406
Norway,NOR,2024,86809.7246897431
New Zealand,NZL,2024,48747.0136853042
Panama,PAN,2024,19102.8521936399
Peru,PER,2024,8452.37167047598
Poland,POL,2024,25022.6716445953
North Korea,PRK,2024,
Portugal,PRT,2024,28844.4979246799
Paraguay,PRY,2024,6416.09709002917
Qatar,QAT,2024,76275.9076782833
Romania,ROU,2024,20072.4079244042
Russia,RUS,2024,14889.0185546875
Saudi Arabia,SAU,2024,35057.2252306969
Senegal,SEN,2024,1743.98888384359
Serbia,SRB,2024,13523.7246826854
Slovakia,SVK,2024,26147.9028430133
Slovenia,SVN,2024,34089.3527652778
Sweden,SWE,2024,57723.2345031532
Togo,TGO,2024,1043.14092889765
Trinidad and Tobago,TTO,2024,19314.7163432664
Tunisia,TUN,2024,4350.3717971875
Turkey,TUR,2024,15473.2872636856
Ukraine,UKR,2024,5389.47314453125
Uruguay,URY,2024,23906.5133029408
United States,USA,2024,85809.9003846356
South Africa,ZAF,2024,6253.37158194543
England,GBR,1990,19095.4669984608
England,GBR,1991,19900.7266505069
England,GBR,1992,20487.1707852878
England,GBR,1993,18389.0195675099
England,GBR,1994,19709.2380983653
England,GBR,1995,23168.9529580171
England,GBR,1996,24406.400298359
England,GBR,1997,26766.0056249684
England,GBR,1998,28274.5045119699
England,GBR,1999,28762.0913570256
England,GBR,2000,28280.926786099
England,GBR,2001,27906.5695029641
England,GBR,2002,30077.741432188
England,GBR,2003,34442.6875402308
England,GBR,2004,40366.8886650968
England,GBR,2005,42104.7884375024
England,GBR,2006,44512.4590296865
England,GBR,2007,50397.6854954706
England,GBR,2008,47396.1202078484
England,GBR,2009,38744.131693043
England,GBR,2010,39598.957119545
England,GBR,2011,42109.6418795749
England,GBR,2012,42490.1465463521
England,GBR,2013,43419.0352598932
England,GBR,2014,47426.6209829995
England,GBR,2015,44983.885522934
England,GBR,2016,40988.1044233026
England,GBR,2017,40629.2340347345
England,GBR,2018,43315.4874501318
England,GBR,2019,42794.0022648288
England,GBR,2020,40404.8062238951
England,GBR,2021,46926.475736105
England,GBR,2022,46062.9914079698
England,GBR,2023,49200.8101526146
England,GBR,2024,52636.7865943853
Scotland,GBR,1990,19095.4669984608
Scotland,GBR,1991,19900.7266505069
Scotland,GBR,1992,20487.1707852878
Scotland,GBR,1993,18389.0195675099
Scotland,GBR,1994,19709.2380983653
Scotland,GBR,1995,23168.9529580171
Scotland,GBR,1996,24406.400298359
Scotland,GBR,1997,26766.0056249684
Scotland,GBR,1998,28274.5045119699
Scotland,GBR,1999,28762.0913570256
Scotland,GBR,2000,28280.926786099
Scotland,GBR,2001,27906.5695029641
Scotland,GBR,2002,30077.741432188
Scotland,GBR,2003,34442.6875402308
Scotland,GBR,2004,40366.8886650968
Scotland,GBR,2005,42104.7884375024
Scotland,GBR,2006,44512.4590296865
Scotland,GBR,2007,50397.6854954706
Scotland,GBR,2008,47396.1202078484
Scotland,GBR,2009,38744.131693043
Scotland,GBR,2010,39598.957119545
Scotland,GBR,2011,42109.6418795749
Scotland,GBR,2012,42490.1465463521
Scotland,GBR,2013,43419.0352598932
Scotland,GBR,2014,47426.6209829995
Scotland,GBR,2015,44983.885522934
Scotland,GBR,2016,40988.1044233026
Scotland,GBR,2017,40629.2340347345
Scotland,GBR,2018,43315.4874501318
Scotland,GBR,2019,42794.0022648288
Scotland,GBR,2020,40404.8062238951
Scotland,GBR,2021,46926.475736105
Scotland,GBR,2022,46062.9914079698
Scotland,GBR,2023,49200.8101526146
Scotland,GBR,2024,52636.7865943853
Wales,GBR,1990,19095.4669984608
Wales,GBR,1991,19900.7266505069
Wales,GBR,1992,20487.1707852878
Wales,GBR,1993,18389.0195675099
Wales,GBR,1994,19709.2380983653
Wales,GBR,1995,23168.9529580171
Wales,GBR,1996,24406.400298359
Wales,GBR,1997,26766.0056249684
Wales,GBR,1998,28274.5045119699
Wales,GBR,1999,28762.0913570256
Wales,GBR,2000,28280.926786099
Wales,GBR,2001,27906.5695029641
Wales,GBR,2002,30077.741432188
Wales,GBR,2003,34442.6875402308
Wales,GBR,2004,40366.8886650968
Wales,GBR,2005,42104.7884375024
Wales,GBR,2006,44512.4590296865
Wales,GBR,2007,50397.6854954706
Wales,GBR,2008,47396.1202078484
Wales,GBR,2009,38744.131693043
Wales,GBR,2010,39598.957119545
Wales,GBR,2011,42109.6418795749
Wales,GBR,2012,42490.1465463521
Wales,GBR,2013,43419.0352598932
Wales,GBR,2014,47426.6209829995
Wales,GBR,2015,44983.885522934
Wales,GBR,2016,40988.1044233026
Wales,GBR,2017,40629.2340347345
Wales,GBR,2018,43315.4874501318
Wales,GBR,2019,42794.0022648288
Wales,GBR,2020,40404.8062238951
Wales,GBR,2021,46926.475736105
Wales,GBR,2022,46062.9914079698
Wales,GBR,2023,49200.8101526146
Wales,GBR,2024,52636.7865943853
FR Yugoslavia,SRB,1990,2349.40645150289
FR Yugoslavia,SRB,1991,2349.40645150289
FR Yugoslavia,SRB,1992,2349.40645150289
FR Yugoslavia,SRB,1993,2349.40645150289
FR Yugoslavia,SRB,1994,2349.40645150289
FR Yugoslavia,SRB,1995,2349.40645150289
FR Yugoslavia,SRB,1996,3053.90516860949
FR Yugoslavia,SRB,1997,3573.50440240049
FR Yugoslavia,SRB,1998,2775.47372982047
FR Yugoslavia,SRB,1999,2768.91041346166
FR Yugoslavia,SRB,2000,974.725469278615
FR Yugoslavia,SRB,2001,1812.42088281393
FR Yugoslavia,SRB,2002,2390.73459447107
FR Yugoslavia,SRB,2003,3153.9011312754
FR Yugoslavia,SRB,2004,3597.08798057009
FR Yugoslavia,SRB,2005,3807.97417321786
FR Yugoslavia,SRB,2006,4492.7136699046
FR Yugoslavia,SRB,2007,6081.08765700202
FR Yugoslavia,SRB,2008,7376.73517910716
FR Yugoslavia,SRB,2009,6414.0448463847
FR Yugoslavia,SRB,2010,5970.92660940072
FR Yugoslavia,SRB,2011,7082.2861666075
FR Yugoslavia,SRB,2012,6263.04086072815
FR Yugoslavia,SRB,2013,7040.41812068781
FR Yugoslavia,SRB,2014,6886.67809068704
FR Yugoslavia,SRB,2015,5820.3215576888
FR Yugoslavia,SRB,2016,5982.37030126471
FR Yugoslavia,SRB,2017,6548.03653824187
FR Yugoslavia,SRB,2018,7559.86165747394
FR Yugoslavia,SRB,2019,7755.632986437
FR Yugoslavia,SRB,2020,8098.70955668849
FR Yugoslavia,SRB,2021,9680.52798074468
FR Yugoslavia,SRB,2022,10022.9688543402
FR Yugoslavia,SRB,2023,12281.5058488303
FR Yugoslavia,SRB,2024,13523.7246826854
Serbia and Montenegro,SRB,1990,2349.40645150289
Serbia and Montenegro,SRB,1991,2349.40645150289
Serbia and Montenegro,SRB,1992,2349.40645150289
Serbia and Montenegro,SRB,1993,2349.40645150289
Serbia and Montenegro,SRB,1994,2349.40645150289
Serbia and Montenegro,SRB,1995,2349.40645150289
Serbia and Montenegro,SRB,1996,3053.90516860949
Serbia and Montenegro,SRB,1997,3573.50440240049
Serbia and Montenegro,SRB,1998,2775.47372982047
Serbia and Montenegro,SRB,1999,2768.91041346166
Serbia and Montenegro,SRB,2000,974.725469278615
Serbia and Montenegro,SRB,2001,1812.42088281393
Serbia and Montenegro,SRB,2002,2390.73459447107
Serbia and Montenegro,SRB,2003,3153.9011312754
Serbia and Montenegro,SRB,2004,3597.08798057009
Serbia and Montenegro,SRB,2005,3807.97417321786
Serbia and Montenegro,SRB,2006,4492.7136699046
Serbia and Montenegro,SRB,2007,6081.08765700202
Serbia and Montenegro,SRB,2008,7376.73517910716
Serbia and Montenegro,SRB,2009,6414.0448463847
Serbia and Montenegro,SRB,2010,5970.92660940072
Serbia and Montenegro,SRB,2011,7082.2861666075
Serbia and Montenegro,SRB,2012,6263.04086072815
Serbia and Montenegro,SRB,2013,7040.41812068781
Serbia and Montenegro,SRB,2014,6886.67809068704
Serbia and Montenegro,SRB,2015,5820.3215576888
Serbia and Montenegro,SRB,2016,5982.37030126471
Serbia and Montenegro,SRB,2017,6548.03653824187
Serbia and Montenegro,SRB,2018,7559.86165747394
Serbia and Montenegro,SRB,2019,7755.632986437
Serbia and Montenegro,SRB,2020,8098.70955668849
Serbia and Montenegro,SRB,2021,9680.52798074468
Serbia and Montenegro,SRB,2022,10022.9688543402
Serbia and Montenegro,SRB,2023,12281.5058488303
Serbia and Montenegro,SRB,2024,13523.7246826854
